"Population résidante au domicile économique selon les niveaux géographiques institutionnels, le sexe, les secteurs économiques et la nationalité, 1970-2000"

"Canton (-) / District (>>) / Commune (......)","1980","1990","2000"
"......0001 Aeugst am Albis",78,55,44
"......0002 Affoltern am Albis",106,121,76
"......0003 Bonstetten",70,46,35
"......0004 Hausen am Albis",151,133,99
"......0005 Hedingen",67,54,30
"......0006 Kappel am Albis",100,92,53
"......0007 Knonau",78,70,49
"......0008 Maschwanden",65,57,37
"......0009 Mettmenstetten",135,144,126
"......0010 Obfelden",73,74,44
"......0011 Ottenbach",48,51,41
"......0012 Rifferswil",64,63,37
"......0013 Stallikon",81,71,41
"......0014 Wettswil am Albis",26,22,26
"......0021 Adlikon",71,57,45
"......0022 Benken (ZH)",58,54,42
"......0023 Berg am Irchel",65,47,34
"......0024 Buch am Irchel",90,76,53
"......0025 Dachsen",31,32,13
"......0026 Dorf",38,48,36
"......0027 Feuerthalen",13,35,12
"......0028 Flaach",96,74,54
"......0029 Flurlingen",7,20,13
"......0030 Andelfingen",55,57,35
"......0031 Henggart",37,26,26
"......0032 Humlikon",25,17,23
"......0033 Kleinandelfingen",96,80,64
"......0034 Laufen-Uhwiesen",55,49,40
"......0035 Marthalen",116,105,62
"......0036 Oberstammheim",137,78,66
"......0037 Ossingen",140,108,76
"......0038 Rheinau",13,49,17
"......0039 Thalheim an der Thur",87,56,51
"......0040 Trüllikon",101,89,70
"......0041 Truttikon",48,38,36
"......0042 Unterstammheim",98,83,60
"......0043 Volken",55,39,23
"......0044 Waltalingen",88,84,57
"......0051 Bachenbülach",25,17,16
"......0052 Bassersdorf",89,66,59
"......0053 Bülach",105,95,109
"......0054 Dietlikon",40,40,35
"......0055 Eglisau",87,54,50
"......0056 Embrach",90,57,67
"......0057 Freienstein-Teufen",77,54,58
"......0058 Glattfelden",75,76,52
"......0059 Hochfelden",42,30,25
"......0060 Höri",49,35,41
"......0061 Hüntwangen",28,18,13
"......0062 Kloten",112,76,89
"......0063 Lufingen",35,27,22
"......0064 Nürensdorf",79,69,63
"......0065 Oberembrach",88,79,50
"......0066 Opfikon",47,52,49
"......0067 Rafz",170,79,109
"......0068 Rorbas",34,24,36
"......0069 Wallisellen",67,46,64
"......0070 Wasterkingen",26,20,16
"......0071 Wil (ZH)",81,50,46
"......0072 Winkel",92,53,58
"......0081 Bachs",78,65,48
"......0082 Boppelsen",41,42,40
"......0083 Buchs (ZH)",59,58,49
"......0084 Dällikon",50,35,59
"......0085 Dänikon",37,29,32
"......0086 Dielsdorf",36,66,54
"......0087 Hüttikon",33,17,23
"......0088 Neerach",63,48,38
"......0089 Niederglatt",41,43,31
"......0090 Niederhasli",113,105,77
"......0091 Niederweningen",64,93,41
"......0092 Oberglatt",63,59,47
"......0093 Oberweningen",31,31,23
"......0094 Otelfingen",38,50,30
"......0095 Regensberg",17,20,20
"......0096 Regensdorf",113,106,114
"......0097 Rümlang",139,103,75
"......0098 Schleinikon",48,31,23
"......0099 Schöfflisdorf",29,19,14
"......0100 Stadel",112,104,67
"......0101 Steinmaur",103,90,96
"......0102 Weiach",55,34,34
"......0111 Bäretswil",184,161,136
"......0112 Bubikon",136,100,99
"......0113 Dürnten",120,69,115
"......0114 Fischenthal",154,73,85
"......0115 Gossau (ZH)",310,174,162
"......0116 Grüningen",113,82,83
"......0117 Hinwil",240,176,165
"......0118 Rüti (ZH)",117,109,103
"......0119 Seegräben",56,42,41
"......0120 Wald (ZH)",284,185,164
"......0121 Wetzikon (ZH)",156,102,118
"......0131 Adliswil",72,57,81
"......0132 Hirzel",116,101,63
"......0133 Horgen",183,201,174
"......0134 Hütten",91,76,51
"......0135 Kilchberg (ZH)",53,29,35
"......0136 Langnau am Albis",76,48,44
"......0137 Oberrieden",30,36,31
"......0138 Richterswil",107,108,121
"......0139 Rüschlikon",23,28,19
"......0140 Schönenberg (ZH)",137,149,76
"......0141 Thalwil",55,71,48
"......0142 Wädenswil",318,456,223
"......0151 Erlenbach (ZH)",40,39,56
"......0152 Herrliberg",98,84,64
"......0153 Hombrechtikon",215,154,149
"......0154 Küsnacht (ZH)",128,99,97
"......0155 Männedorf",80,49,58
"......0156 Meilen",137,124,97
"......0157 Oetwil am See",69,58,58
"......0158 Stäfa",137,116,114
"......0159 Uetikon am See",65,69,56
"......0160 Zumikon",24,7,8
"......0161 Zollikon",70,61,43
"......0171 Bauma",144,88,100
"......0172 Fehraltorf",118,115,113
"......0173 Hittnau",109,92,71
"......0174 Illnau-Effretikon",273,201,188
"......0175 Kyburg",38,16,15
"......0176 Lindau",88,58,73
"......0177 Pfäffikon",195,116,136
"......0178 Russikon",132,90,89
"......0179 Sternenberg",43,39,34
"......0180 Weisslingen",81,67,69
"......0181 Wila",57,43,39
"......0182 Wildberg",108,68,60
"......0191 Dübendorf",142,96,126
"......0192 Egg",191,147,138
"......0193 Fällanden",51,49,31
"......0194 Greifensee",16,28,21
"......0195 Maur",133,112,104
"......0196 Mönchaltorf",95,71,49
"......0197 Schwerzenbach",28,27,23
"......0198 Uster",290,212,270
"......0199 Volketswil",140,111,104
"......0200 Wangen-Brüttisellen",96,73,67
"......0211 Altikon",72,71,51
"......0212 Bertschikon",126,91,69
"......0213 Brütten",69,66,43
"......0214 Dägerlen",88,55,50
"......0215 Dättlikon",28,27,25
"......0216 Dinhard",98,65,48
"......0217 Elgg",87,64,82
"......0218 Ellikon an der Thur",77,35,54
"......0219 Elsau",75,66,67
"......0220 Hagenbuch",108,66,54
"......0221 Hettlingen",74,53,32
"......0222 Hofstetten bei Elgg",61,43,35
"......0223 Neftenbach",135,104,98
"......0224 Pfungen",28,24,21
"......0225 Rickenbach (ZH)",74,65,45
"......0226 Schlatt (ZH)",57,43,42
"......0227 Seuzach",78,60,63
"......0228 Turbenthal",129,134,97
"......0229 Wiesendangen",124,90,78
"......0230 Winterthur",541,481,585
"......0231 Zell (ZH)",104,84,87
"......0241 Aesch bei Birmensdorf",52,38,36
"......0242 Birmensdorf (ZH)",101,97,80
"......0243 Dietikon",117,61,82
"......0244 Geroldswil",24,21,14
"......0245 Oberengstringen",16,10,22
"......0246 Oetwil an der Limmat",14,13,12
"......0247 Schlieren",57,48,47
"......0248 Uitikon",34,43,33
"......0249 Unterengstringen",31,16,23
"......0250 Urdorf",70,44,37
"......0251 Weiningen (ZH)",73,43,42
"......0261 Zürich",997,1082,1000
"......0301 Aarberg",80,79,55
"......0302 Bargen (BE)",83,73,40
"......0303 Grossaffoltern",176,148,121
"......0304 Kallnach",143,124,72
"......0305 Kappelen",103,76,62
"......0306 Lyss",133,91,90
"......0307 Meikirch",116,88,70
"......0308 Niederried bei Kallnach",34,21,19
"......0309 Radelfingen",157,98,87
"......0310 Rapperswil (BE)",236,185,116
"......0311 Schüpfen",194,174,132
"......0312 Seedorf (BE)",242,182,166
"......0321 Aarwangen",88,101,67
"......0322 Auswil",85,77,52
"......0323 Bannwil",50,40,34
"......0324 Bleienbach",57,56,36
"......0325 Busswil bei Melchnau",42,24,20
"......0326 Gondiswil",153,104,63
"......0327 Gutenburg",8,7,5
"......0328 Kleindietwil",36,26,23
"......0329 Langenthal",96,111,109
"......0330 Leimiswil",125,68,44
"......0331 Lotzwil",63,48,37
"......0332 Madiswil",195,136,110
"......0333 Melchnau",128,95,79
"......0334 Obersteckholz",48,50,32
"......0335 Oeschenbach",83,52,35
"......0336 Reisiswil",25,25,21
"......0337 Roggwil (BE)",60,48,49
"......0338 Rohrbach",81,59,42
"......0339 Rohrbachgraben",124,90,57
"......0340 Rütschelen",63,42,35
"......0341 Schwarzhäusern",36,22,12
"......0342 Thunstetten",145,125,85
"......0343 Untersteckholz",43,36,26
"......0344 Ursenbach",139,114,62
"......0345 Wynau",41,33,37
"......0351 Bern",532,434,551
"......0352 Bolligen",135,143,97
"......0353 Bremgarten bei Bern",39,14,25
"......0354 Kirchlindach",131,114,95
"......0355 Köniz",591,499,468
"......0356 Muri bei Bern",96,71,67
"......0357 Oberbalm",207,150,130
"......0358 Stettlen",45,34,32
"......0359 Vechigen",327,256,194
"......0360 Wohlen bei Bern",358,296,253
"......0361 Zollikofen",68,54,87
"......0362 Ittigen",54,46,54
"......0363 Ostermundigen",81,67,103
"......0371 Biel (BE)",193,109,142
"......0372 Evilard",18,11,22
"......0381 Arch",54,36,37
"......0382 Büetigen",32,22,24
"......0383 Büren an der Aare",126,91,76
"......0384 Busswil bei Büren",24,24,26
"......0385 Diessbach bei Büren",70,54,42
"......0386 Dotzigen",46,34,34
"......0387 Lengnau (BE)",76,45,52
"......0388 Leuzigen",95,73,56
"......0389 Meienried",11,10,4
"......0390 Meinisberg",36,28,26
"......0391 Oberwil bei Büren",68,55,50
"......0392 Pieterlen",54,39,35
"......0393 Rüti bei Büren",57,48,37
"......0394 Wengi",83,59,58
"......0401 Aefligen",45,33,30
"......0402 Alchenstorf",92,54,55
"......0403 Bäriswil",25,21,12
"......0404 Burgdorf",120,73,80
"......0405 Ersigen",97,85,64
"......0406 Hasle bei Burgdorf",337,216,180
"......0407 Heimiswil",374,231,175
"......0408 Hellsau",26,19,14
"......0409 Hindelbank",64,57,50
"......0410 Höchstetten",45,33,20
"......0411 Kernenried",57,34,33
"......0412 Kirchberg (BE)",120,85,72
"......0413 Koppigen",70,57,70
"......0414 Krauchthal",175,123,99
"......0415 Lyssach",57,56,34
"......0416 Mötschwil",31,23,14
"......0417 Niederösch",58,48,39
"......0418 Oberburg",219,151,91
"......0419 Oberösch",29,22,18
"......0420 Rüdtligen-Alchenflüh",45,36,33
"......0421 Rumendingen",39,30,24
"......0422 Rüti bei Lyssach",25,20,16
"......0423 Willadingen",32,25,18
"......0424 Wynigen",380,231,194
"......0431 Corgémont",69,61,56
"......0432 Cormoret",28,31,17
"......0433 Cortébert",51,34,38
"......0434 Courtelary",71,48,36
"......0435 La Ferrière",104,71,51
"......0436 La Heutte",11,19,13
"......0437 Mont-Tramelan",41,39,37
"......0438 Orvin",62,51,41
"......0439 Péry",27,13,16
"......0440 Plagne",18,5,12
"......0441 Renan (BE)",68,59,55
"......0442 Romont (BE)",25,22,11
"......0443 Saint-Imier",57,51,62
"......0444 Sonceboz-Sombeval",36,27,19
"......0445 Sonvilier",130,97,80
"......0446 Tramelan",141,93,86
"......0447 Vauffelin",13,8,5
"......0448 Villeret",42,27,23
"......0491 Brüttelen",101,89,76
"......0492 Erlach",19,27,26
"......0493 Finsterhennen",105,60,39
"......0494 Gals",59,45,40
"......0495 Gampelen",60,32,30
"......0496 Ins",169,142,142
"......0497 Lüscherz",54,33,31
"......0498 Müntschemier",149,119,73
"......0499 Siselen",127,65,62
"......0500 Treiten",104,74,67
"......0501 Tschugg",27,11,46
"......0502 Vinelz",50,41,42
"......0531 Ballmoos",16,21,11
"......0532 Bangerten",29,25,23
"......0533 Bätterkinden",87,80,64
"......0534 Büren zum Hof",47,39,36
"......0535 Deisswil bei Münchenbuchsee",27,18,11
"......0536 Diemerswil",28,32,25
"......0537 Etzelkofen",24,19,0
"......0538 Fraubrunnen",40,22,24
"......0539 Grafenried",64,39,34
"......0540 Jegenstorf",76,59,41
"......0541 Iffwil",41,38,29
"......0542 Limpach",66,46,29
"......0543 Mattstetten",31,29,17
"......0544 Moosseedorf",54,46,34
"......0545 Mülchi",70,45,29
"......0546 Münchenbuchsee",80,70,84
"......0547 Münchringen",27,33,24
"......0548 Ruppoldsried",24,15,12
"......0549 Schalunen",14,9,11
"......0550 Scheunen",18,15,12
"......0551 Urtenen",83,67,54
"......0552 Utzenstorf",186,159,109
"......0553 Wiggiswil",27,15,25
"......0554 Wiler bei Utzenstorf",45,47,26
"......0555 Zauggenried",40,37,29
"......0556 Zielebach",18,9,10
"......0557 Zuzwil (BE)",34,37,25
"......0561 Adelboden",256,152,138
"......0562 Aeschi bei Spiez",137,110,83
"......0563 Frutigen",395,288,262
"......0564 Kandergrund",64,52,49
"......0565 Kandersteg",31,14,25
"......0566 Krattigen",36,21,26
"......0567 Reichenbach im Kandertal",232,161,149
"......0571 Beatenberg",101,65,43
"......0572 Bönigen",27,22,25
"......0573 Brienz (BE)",76,66,91
"......0574 Brienzwiler",25,14,20
"......0575 Därligen",11,11,13
"......0576 Grindelwald",185,111,125
"......0577 Gsteigwiler",4,6,13
"......0578 Gündlischwand",7,4,5
"......0579 Habkern",158,88,79
"......0580 Hofstetten bei Brienz",21,10,17
"......0581 Interlaken",27,48,30
"......0582 Iseltwald",44,20,18
"......0584 Lauterbrunnen",129,79,76
"......0585 Leissigen",22,12,15
"......0586 Lütschental",20,14,22
"......0587 Matten bei Interlaken",39,41,50
"......0588 Niederried bei Interlaken",16,11,5
"......0589 Oberried am Brienzersee",26,9,10
"......0590 Ringgenberg (BE)",32,21,26
"......0591 Saxeten",30,13,9
"......0592 Schwanden bei Brienz",17,14,10
"......0593 Unterseen",78,55,50
"......0594 Wilderswil",41,35,32
"......0601 Aeschlen",71,40,39
"......0602 Arni (BE)",195,117,105
"......0603 Biglen",69,39,39
"......0604 Bleiken bei Oberdiessbach",44,31,15
"......0605 Bowil",203,135,94
"......0606 Brenzikofen",30,24,19
"......0607 Freimettigen",48,32,40
"......0608 Grosshöchstetten",58,46,40
"......0609 Häutligen",38,31,27
"......0610 Herbligen",41,37,25
"......0611 Kiesen",42,32,19
"......0612 Konolfingen",249,179,122
"......0613 Landiswil",225,112,110
"......0614 Linden",246,126,100
"......0615 Mirchel",55,44,35
"......0616 Münsingen",107,90,132
"......0617 Niederhünigen",85,50,35
"......0618 Niederwichtrach",80,74,54
"......0619 Oberdiessbach",93,73,71
"......0620 Oberthal",196,116,105
"......0621 Oberwichtrach",80,77,74
"......0622 Oppligen",54,41,30
"......0623 Rubigen",76,71,84
"......0624 Schlosswil",65,50,37
"......0625 Tägertschi",61,61,40
"......0626 Walkringen",222,159,119
"......0627 Worb",376,266,248
"......0628 Zäziwil",106,82,60
"......0629 Oberhünigen",88,54,38
"......0630 Allmendingen",53,33,38
"......0631 Trimstein",54,38,32
"......0661 Clavaleyres",20,15,15
"......0662 Ferenbalm",145,93,82
"......0663 Frauenkappelen",70,61,47
"......0664 Golaten",93,51,58
"......0665 Gurbrü",59,39,39
"......0666 Kriechenwil",74,44,32
"......0667 Laupen",40,41,26
"......0668 Mühleberg",274,193,183
"......0669 Münchenwiler",39,27,20
"......0670 Neuenegg",280,198,190
"......0671 Wileroltigen",83,54,43
"......0681 Belprahon",7,9,5
"......0682 Bévilard",13,14,14
"......0683 Champoz",27,24,15
"......0684 Châtelat",31,22,30
"......0687 Corcelles (BE)",25,13,8
"......0690 Court",50,43,43
"......0691 Crémines",23,12,10
"......0692 Eschert",24,11,15
"......0694 Grandval",21,14,13
"......0696 Loveresse",14,11,13
"......0697 Malleray",25,26,32
"......0699 Monible",13,4,7
"......0700 Moutier",57,45,39
"......0701 Perrefitte",21,14,12
"......0702 Pontenet",19,13,7
"......0703 Reconvilier",32,21,16
"......0704 Roches (BE)",12,8,11
"......0706 Saicourt",41,33,26
"......0707 Saules (BE)",15,6,14
"......0708 Schelten",13,14,15
"......0709 Seehof",21,21,18
"......0710 Sornetan",17,12,20
"......0711 Sorvilier",23,12,15
"......0712 Souboz",24,18,18
"......0713 Tavannes",78,61,42
"......0715 Rebévelier",13,15,11
"......0721 Diesse",31,19,15
"......0722 Lamboing",35,19,21
"......0723 La Neuveville",58,33,37
"......0724 Nods",83,42,45
"......0725 Prêles",30,22,30
"......0731 Aegerten",15,15,22
"......0732 Bellmund",31,20,16
"......0733 Brügg",37,28,26
"......0734 Bühl",42,25,27
"......0735 Epsach",52,42,28
"......0736 Hagneck",14,9,10
"......0737 Hermrigen",41,21,18
"......0738 Jens",56,37,22
"......0739 Ipsach",22,12,16
"......0740 Ligerz",60,39,36
"......0741 Merzligen",42,20,16
"......0742 Mörigen",27,18,10
"......0743 Nidau",23,17,20
"......0744 Orpund",41,25,30
"......0745 Port",23,22,21
"......0746 Safnern",69,50,33
"......0747 Scheuren",28,22,17
"......0748 Schwadernau",41,34,31
"......0749 Studen",27,35,32
"......0750 Sutz-Lattrigen",54,36,31
"......0751 Täuffelen",96,47,59
"......0752 Tüscherz-Alfermée",17,12,14
"......0753 Twann",90,55,58
"......0754 Walperswil",91,62,52
"......0755 Worben",39,36,45
"......0761 Därstetten",137,90,69
"......0762 Diemtigen",316,260,227
"......0763 Erlenbach im Simmental",129,80,78
"......0764 Niederstocken",22,21,12
"......0765 Oberstocken",10,13,4
"......0766 Oberwil im Simmental",203,153,113
"......0767 Reutigen",62,50,43
"......0768 Spiez",161,122,144
"......0769 Wimmis",80,60,65
"......0781 Gadmen",41,29,18
"......0782 Guttannen",34,13,19
"......0783 Hasliberg",125,93,73
"......0784 Innertkirchen",43,35,44
"......0785 Meiringen",139,90,206
"......0786 Schattenhalb",37,19,62
"......0791 Boltigen",196,191,182
"......0792 Lenk",240,182,141
"......0793 St. Stephan",161,122,123
"......0794 Zweisimmen",284,202,156
"......0841 Gsteig",101,100,75
"......0842 Lauenen",149,108,102
"......0843 Saanen",516,429,278
"......0851 Albligen",54,35,34
"......0852 Guggisberg",394,278,190
"......0853 Rüschegg",215,112,82
"......0854 Wahlern",557,430,315
"......0861 Belp",225,164,176
"......0862 Belpberg",82,76,61
"......0863 Burgistein",91,93,70
"......0864 Englisberg",27,25,38
"......0865 Gelterfingen",45,44,29
"......0866 Gerzensee",89,79,62
"......0867 Gurzelen",99,65,73
"......0868 Jaberg",24,13,10
"......0869 Kaufdorf",45,31,27
"......0870 Kehrsatz",63,63,59
"......0871 Kienersrüti",19,15,11
"......0872 Kirchdorf (BE)",93,62,53
"......0873 Kirchenthurnen",26,18,18
"......0874 Lohnstorf",43,25,23
"......0875 Mühledorf (BE)",31,36,22
"......0876 Mühlethurnen",75,40,32
"......0877 Niedermuhlern",119,100,64
"......0878 Noflen",63,49,43
"......0879 Riggisberg",142,96,70
"......0880 Rüeggisberg",410,300,208
"......0881 Rümligen",63,54,25
"......0882 Rüti bei Riggisberg",133,96,60
"......0883 Seftigen",69,62,64
"......0884 Toffen",79,64,50
"......0885 Uttigen",40,26,19
"......0886 Wattenwil",132,91,80
"......0887 Zimmerwald",118,125,96
"......0901 Eggiwil",571,439,334
"......0902 Langnau im Emmental",633,452,390
"......0903 Lauperswil",381,221,176
"......0904 Röthenbach im Emmental",306,209,165
"......0905 Rüderswil",380,223,157
"......0906 Schangnau",316,220,154
"......0907 Signau",337,246,189
"......0908 Trub",483,379,228
"......0909 Trubschachen",216,129,108
"......0921 Amsoldingen",52,36,32
"......0922 Blumenstein",88,53,40
"......0923 Buchholterberg",217,123,108
"......0924 Eriz",99,83,57
"......0925 Fahrni",126,99,74
"......0926 Forst",29,34,23
"......0927 Heiligenschwendi",76,49,32
"......0928 Heimberg",74,49,55
"......0929 Hilterfingen",39,25,26
"......0930 Höfen",55,31,31
"......0931 Homberg",94,70,57
"......0932 Horrenbach-Buchen",90,65,31
"......0933 Längenbühl",55,27,35
"......0934 Oberhofen am Thunersee",36,17,25
"......0935 Oberlangenegg",131,71,47
"......0936 Pohlern",26,13,22
"......0937 Schwendibach",30,20,17
"......0938 Sigriswil",326,202,177
"......0939 Steffisburg",222,179,173
"......0940 Teuffenthal (BE)",38,26,29
"......0941 Thierachern",102,73,65
"......0942 Thun",260,178,266
"......0943 Uebeschi",65,58,48
"......0944 Uetendorf",155,106,152
"......0945 Unterlangenegg",146,98,99
"......0946 Wachseldorn",80,48,39
"......0947 Zwieselberg",33,35,20
"......0951 Affoltern im Emmental",198,136,123
"......0952 Dürrenroth",272,158,131
"......0953 Eriswil",228,130,102
"......0954 Huttwil",280,252,144
"......0955 Lützelflüh",499,324,250
"......0956 Rüegsau",288,203,136
"......0957 Sumiswald",574,420,314
"......0958 Trachselwald",302,182,139
"......0959 Walterswil (BE)",175,123,86
"......0960 Wyssachen",201,158,93
"......0971 Attiswil",68,53,72
"......0972 Berken",16,14,10
"......0973 Bettenhausen",28,17,15
"......0974 Bollodingen",27,12,16
"......0975 Farnern",32,15,27
"......0976 Graben",27,13,21
"......0977 Heimenhausen",28,26,15
"......0978 Hermiswil",15,6,5
"......0979 Herzogenbuchsee",53,36,43
"......0980 Inkwil",38,19,14
"......0981 Niederbipp",129,118,121
"......0982 Niederönz",29,31,17
"......0983 Oberbipp",51,50,51
"......0984 Oberönz",25,24,14
"......0985 Ochlenberg",208,177,120
"......0986 Röthenbach bei Herzogenbuchsee",28,23,17
"......0987 Rumisberg",35,21,28
"......0988 Seeberg",208,124,95
"......0989 Thörigen",60,38,32
"......0990 Walliswil bei Niederbipp",14,8,9
"......0991 Walliswil bei Wangen",23,18,14
"......0992 Wangen an der Aare",51,34,40
"......0993 Wangenried",37,24,28
"......0994 Wanzwil",12,11,6
"......0995 Wiedlisbach",56,45,58
"......0996 Wolfisberg",20,14,12
"......1001 Doppleschwand",78,92,51
"......1002 Entlebuch",386,320,227
"......1003 Escholzmatt",512,478,253
"......1004 Flühli",252,199,129
"......1005 Hasle (LU)",208,200,165
"......1006 Marbach (LU)",318,245,130
"......1007 Romoos",195,192,105
"......1008 Schüpfheim",403,426,251
"......1009 Werthenstein",201,170,103
"......1021 Aesch (LU)",82,87,58
"......1022 Altwis",55,42,32
"......1023 Ballwil",129,134,90
"......1024 Emmen",216,217,168
"......1025 Ermensee",50,50,35
"......1026 Eschenbach (LU)",154,174,107
"......1027 Gelfingen",45,45,29
"......1028 Hämikon",43,51,34
"......1029 Herlisberg",32,33,23
"......1030 Hitzkirch",57,52,34
"......1031 Hochdorf",116,124,83
"......1032 Hohenrain",309,291,204
"......1033 Inwil",157,134,101
"......1034 Lieli",27,30,14
"......1035 Mosen",18,16,15
"......1036 Müswangen",44,58,27
"......1037 Rain",164,154,86
"......1038 Retschwil",45,30,19
"......1039 Römerswil",259,201,122
"......1040 Rothenburg",215,183,120
"......1041 Schongau",177,146,78
"......1042 Sulz (LU)",46,39,17
"......1051 Adligenswil",87,112,67
"......1052 Buchrain",36,32,26
"......1053 Dierikon",28,44,20
"......1054 Ebikon",119,77,86
"......1055 Gisikon",28,19,10
"......1056 Greppen",44,33,33
"......1057 Honau",25,12,8
"......1058 Horw",160,164,115
"......1059 Kriens",212,205,140
"......1060 Littau",131,123,118
"......1061 Luzern",186,143,137
"......1062 Malters",424,443,249
"......1063 Meggen",112,128,76
"......1064 Meierskappel",71,68,48
"......1065 Root",92,78,45
"......1066 Schwarzenberg",190,170,94
"......1067 Udligenswil",84,77,59
"......1068 Vitznau",56,55,40
"......1069 Weggis",120,152,88
"......1081 Beromünster",53,62,35
"......1082 Büron",82,82,64
"......1083 Buttisholz",253,249,163
"......1084 Eich",90,84,50
"......1085 Geuensee",88,81,63
"......1086 Grosswangen",360,327,179
"......1087 Gunzwil",342,300,176
"......1088 Hildisrieden",136,139,73
"......1089 Knutwil",114,124,73
"......1090 Kulmerau",36,37,21
"......1091 Mauensee",112,78,58
"......1092 Neudorf",123,110,56
"......1093 Neuenkirch",304,351,230
"......1094 Nottwil",217,214,133
"......1095 Oberkirch",154,151,91
"......1096 Pfeffikon",19,20,10
"......1097 Rickenbach (LU)",115,119,75
"......1098 Ruswil",591,567,338
"......1099 Schenkon",93,97,66
"......1100 Schlierbach",61,77,49
"......1101 Schwarzenbach",45,45,24
"......1102 Sempach",123,114,90
"......1103 Sursee",40,49,36
"......1104 Triengen",90,113,75
"......1105 Wilihof",37,50,29
"......1106 Winikon",104,91,49
"......1107 Wolhusen",181,221,128
"......1121 Alberswil",33,46,22
"......1122 Altbüron",80,77,45
"......1123 Altishofen",53,55,44
"......1124 Buchs (LU)",48,56,29
"......1125 Dagmersellen",155,120,94
"......1126 Ebersecken",109,106,64
"......1127 Egolzwil",45,47,43
"......1128 Ettiswil",112,94,72
"......1129 Fischbach",122,119,53
"......1130 Gettnau",49,58,55
"......1131 Grossdietwil",102,111,77
"......1132 Hergiswil bei Willisau",359,382,209
"......1133 Kottwil",79,80,42
"......1134 Langnau bei Reiden",82,64,45
"......1135 Luthern",354,294,185
"......1136 Menznau",313,310,189
"......1137 Nebikon",39,38,32
"......1138 Ohmstal",60,56,33
"......1139 Pfaffnau",207,174,142
"......1140 Reiden",99,101,69
"......1141 Richenthal",95,74,49
"......1142 Roggliswil",84,86,48
"......1143 Schötz",165,147,102
"......1144 Uffikon",62,64,36
"......1145 Ufhusen",149,170,96
"......1146 Wauwil",41,58,79
"......1147 Wikon",80,65,49
"......1148 Willisau Land",628,501,231
"......1149 Willisau Stadt",26,22,20
"......1150 Zell (LU)",205,174,97
"......1201 Altdorf (UR)",107,109,123
"......1202 Andermatt",32,26,26
"......1203 Attinghausen",84,70,53
"......1204 Bauen",35,15,9
"......1205 Bürglen (UR)",264,250,226
"......1206 Erstfeld",88,100,81
"......1207 Flüelen",39,26,22
"......1208 Göschenen",9,12,10
"......1209 Gurtnellen",87,61,45
"......1210 Hospental",6,8,9
"......1211 Isenthal",98,63,59
"......1212 Realp",6,2,3
"......1213 Schattdorf",101,97,66
"......1214 Seedorf (UR)",26,35,39
"......1215 Seelisberg",68,63,30
"......1216 Silenen",143,105,50
"......1217 Sisikon",14,13,13
"......1218 Spiringen",222,218,88
"......1219 Unterschächen",111,67,68
"......1220 Wassen",61,31,25
"......1301 Einsiedeln",424,342,294
"......1311 Gersau",122,110,68
"......1321 Feusisberg",185,161,98
"......1322 Freienbach",148,123,127
"......1323 Wollerau",71,58,36
"......1331 Küssnacht am Rigi",357,301,252
"......1341 Altendorf",173,149,93
"......1342 Galgenen",167,142,104
"......1343 Innerthal",32,26,15
"......1344 Lachen",26,22,34
"......1345 Reichenburg",94,76,64
"......1346 Schübelbach",197,150,110
"......1347 Tuggen",97,104,76
"......1348 Vorderthal",115,83,50
"......1349 Wangen (SZ)",135,104,69
"......1361 Alpthal",64,38,32
"......1362 Arth",288,248,201
"......1363 Illgau",71,65,47
"......1364 Ingenbohl",99,89,68
"......1365 Lauerz",79,77,39
"......1366 Morschach",74,63,54
"......1367 Muotathal",269,215,145
"......1368 Oberiberg",106,64,39
"......1369 Riemenstalden",17,17,14
"......1370 Rothenthurm",95,94,74
"......1371 Sattel",164,149,95
"......1372 Schwyz",423,431,319
"......1373 Steinen",167,141,87
"......1374 Steinerberg",90,98,57
"......1375 Unteriberg",112,111,81
"......1401 Alpnach",244,163,139
"......1402 Engelberg",164,127,84
"......1403 Giswil",279,189,162
"......1404 Kerns",361,299,244
"......1405 Lungern",155,122,94
"......1406 Sachseln",192,169,118
"......1407 Sarnen",505,360,249
"......1501 Beckenried",112,122,61
"......1502 Buochs",138,120,93
"......1503 Dallenwil",135,117,68
"......1504 Emmetten",57,40,30
"......1505 Ennetbürgen",129,125,82
"......1506 Ennetmoos",168,134,112
"......1507 Hergiswil (NW)",51,52,33
"......1508 Oberdorf (NW)",197,145,128
"......1509 Stans",137,90,79
"......1510 Stansstad",102,72,44
"......1511 Wolfenschiessen",235,222,111
"......1601 Betschwanden",10,5,3
"......1602 Bilten",65,60,46
"......1603 Braunwald",37,32,26
"......1604 Diesbach (GL)",16,9,6
"......1605 Elm",164,136,84
"......1606 Engi",53,42,27
"......1607 Ennenda",96,69,53
"......1608 Filzbach",39,24,15
"......1609 Glarus",100,70,85
"......1610 Haslen",20,20,4
"......1611 Hätzingen",14,9,6
"......1612 Leuggelbach",11,4,2
"......1613 Linthal",87,66,48
"......1614 Luchsingen",25,20,19
"......1615 Matt",62,36,34
"......1616 Mitlödi",27,21,17
"......1617 Mollis",144,110,80
"......1618 Mühlehorn",14,12,11
"......1619 Näfels",137,91,69
"......1620 Netstal",35,32,37
"......1621 Nidfurn",10,7,6
"......1622 Niederurnen",68,47,63
"......1623 Oberurnen",74,51,39
"......1624 Obstalden",56,32,24
"......1625 Riedern",12,10,7
"......1626 Rüti (GL)",20,10,10
"......1627 Schwanden (GL)",55,36,28
"......1628 Schwändi",18,9,11
"......1629 Sool",15,9,12
"......1701 Baar",235,267,186
"......1702 Cham",186,178,132
"......1703 Hünenberg",181,185,143
"......1704 Menzingen",237,248,146
"......1705 Neuheim",79,72,61
"......1706 Oberägeri",188,171,124
"......1707 Risch",177,168,102
"......1708 Steinhausen",52,57,36
"......1709 Unterägeri",137,129,98
"......1710 Walchwil",74,104,80
"......1711 Zug",142,135,102
"......2001 Aumont",29,32,25
"......2002 Autavaux",15,6,4
"......2003 Bollion",6,3,5
"......2004 Bussy (FR)",25,22,20
"......2005 Châbles",35,25,21
"......2007 Chapelle (Broye)",23,14,14
"......2008 Châtillon (FR)",18,8,8
"......2009 Cheiry",31,18,16
"......2010 Cheyres",34,11,19
"......2011 Cugy (FR)",76,44,48
"......2012 Delley",34,20,26
"......2013 Domdidier",83,50,51
"......2014 Dompierre (FR)",71,35,48
"......2015 Estavayer-le-Lac",53,32,34
"......2016 Fétigny",35,23,11
"......2017 Font",13,9,6
"......2018 Forel (FR)",49,31,16
"......2020 Frasses",21,18,10
"......2022 Gletterens",27,15,12
"......2023 Granges-de-Vesin",18,8,8
"......2024 Léchelles",44,33,23
"......2025 Lully (FR)",14,6,5
"......2026 Mannens-Grandsivaz",41,27,24
"......2027 Ménières",37,28,23
"......2029 Montagny (FR)",67,41,49
"......2031 Montbrelloz",22,18,8
"......2032 Montet (Broye)",22,7,68
"......2033 Morens (FR)",18,21,16
"......2034 Murist",96,56,37
"......2035 Nuvilly",26,16,18
"......2036 Portalban",8,4,2
"......2037 Praratoud",15,9,6
"......2038 Prévondavaux",10,7,10
"......2039 Rueyres-les-Prés",26,11,12
"......2040 Russy",57,18,18
"......2041 Saint-Aubin (FR)",75,49,40
"......2042 Seiry",12,12,10
"......2043 Sévaz",18,16,8
"......2044 Surpierre",18,11,9
"......2045 Vallon",27,19,19
"......2046 Vesin",20,15,13
"......2047 Villeneuve (FR)",16,11,10
"......2049 Vuissens",36,34,10
"......2061 Auboranges",19,15,15
"......2062 Berlens",22,21,15
"......2063 Billens-Hennens",54,33,28
"......2064 Bionnens",11,14,10
"......2066 Chapelle (Glâne)",15,16,13
"......2067 Le Châtelard",71,54,48
"......2068 Châtonnaye",49,35,33
"......2069 Chavannes-les-Forts",42,35,27
"......2070 Chavannes-sous-Orsonnens",38,32,23
"......2071 Les Ecasseys",17,8,6
"......2072 Ecublens (FR)",32,27,28
"......2074 Esmonts",29,15,5
"......2075 Estévenens",20,21,18
"......2077 Gillarens",13,17,12
"......2079 Grangettes",28,15,17
"......2081 La Joux (FR)",67,44,43
"......2082 Lieffrens",15,14,6
"......2083 Lussy (FR)",33,29,28
"......2085 La Magne",10,10,8
"......2086 Massonnens",40,30,35
"......2087 Mézières (FR)",54,41,32
"......2088 Middes",47,24,24
"......2089 Montet (Glâne)",19,12,5
"......2091 Mossel",34,18,19
"......2092 La Neirigue",8,8,8
"......2093 Orsonnens",38,29,26
"......2094 Prez-vers-Siviriez",44,36,28
"......2095 Promasens",20,13,9
"......2096 Romont (FR)",83,61,73
"......2097 Rue",51,49,39
"......2099 Siviriez",69,56,58
"......2100 Sommentier",45,35,24
"......2101 Torny-le-Grand",39,26,18
"......2102 Ursy",23,14,12
"......2103 Vauderens",17,16,11
"......2105 Villaraboud",40,30,28
"......2107 Villargiroud",21,15,20
"......2108 Villariaz",35,22,17
"......2109 Villarimboud",55,32,36
"......2110 Villarsiviriaux",23,18,12
"......2111 Villaz-Saint-Pierre",47,30,33
"......2112 Vuarmarens",32,26,21
"......2113 Vuisternens-devant-Romont",48,35,28
"......2121 Albeuve",29,25,15
"......2122 Avry-devant-Pont",28,14,15
"......2123 Botterens",11,6,8
"......2124 Broc",37,25,34
"......2125 Bulle",85,47,117
"......2126 Cerniat (FR)",47,28,33
"......2127 Charmey",79,71,59
"......2128 Châtel-sur-Montsalvens",5,6,4
"......2129 Corbières",12,7,10
"......2130 Crésuz",7,4,3
"......2131 Echarlens",36,35,32
"......2132 Enney",18,15,14
"......2133 Estavannens",45,31,28
"......2134 Grandvillard",36,27,37
"......2135 Gruyères",58,49,50
"......2136 Gumefens",30,18,16
"......2137 Hauteville",35,23,22
"......2138 Jaun",68,52,42
"......2139 Lessoc",32,14,12
"......2140 Marsens",39,21,60
"......2141 Maules",31,21,27
"......2142 Montbovon",37,24,16
"......2143 Morlon",24,22,23
"......2144 Neirivue",12,6,13
"......2145 Le Pâquier (FR)",32,26,35
"......2146 Le Bry",28,13,14
"......2147 Pont-la-Ville",50,34,35
"......2148 Riaz",43,29,38
"......2149 La Roche",98,69,83
"......2150 Romanens",37,28,26
"......2151 Rueyres-Treyfayes",29,25,21
"......2152 Sâles (Gruyère)",66,55,58
"......2153 Sorens",85,41,41
"......2154 La Tour-de-Trême",44,29,49
"......2155 Vaulruz",104,74,57
"......2156 Villarbeney",4,2,4
"......2158 Villars-sous-Mont",6,2,3
"......2159 Villarvolard",19,18,8
"......2160 Vuadens",94,80,70
"......2161 Vuippens",26,11,12
"......2171 Arconciel",39,27,22
"......2172 Autafond",19,21,16
"......2173 Autigny",68,36,37
"......2174 Avry-sur-Matran",41,31,26
"......2175 Belfaux",45,41,50
"......2176 Bonnefontaine",28,14,14
"......2177 Chénens",29,19,17
"......2179 Chésopelloz",13,17,10
"......2180 La Corbaz",24,14,7
"......2181 Corjolens",12,11,9
"......2182 Cormagens",13,7,2
"......2183 Corminboeuf",29,16,22
"......2184 Corpataux-Magnedens",33,21,28
"......2185 Corserey",25,23,20
"......2186 Cottens (FR)",53,42,37
"......2188 Ecuvillens",36,28,19
"......2189 Ependes (FR)",43,39,39
"......2190 Essert (FR)",22,17,14
"......2191 Estavayer-le-Gibloux",25,12,9
"......2192 Farvagny",82,64,51
"......2194 Ferpicloz",8,5,9
"......2196 Fribourg",105,53,101
"......2197 Givisiez",18,12,15
"......2198 Granges-Paccot",32,16,27
"......2200 Grolley",28,19,26
"......2202 Lentigny",45,38,25
"......2203 Lossy-Formangueires",23,24,13
"......2204 Lovens",20,14,10
"......2206 Marly",46,30,46
"......2208 Matran",20,11,13
"......2210 Montévraz",13,9,15
"......2211 Neyruz (FR)",35,24,27
"......2213 Noréaz",46,34,25
"......2214 Oberried (FR)",10,7,4
"......2215 Onnens (FR)",27,24,11
"......2216 Pierrafortscha",34,33,17
"......2217 Ponthaux",43,35,25
"......2219 Posieux",19,17,26
"......2220 Praroman",43,30,25
"......2221 Prez-vers-Noréaz",48,28,34
"......2222 Rossens (FR)",27,26,25
"......2223 Rueyres-Saint-Laurent",16,10,18
"......2225 Senèdes",6,4,2
"......2226 Treyvaux",83,80,78
"......2227 Villarlod",12,10,10
"......2228 Villars-sur-Glâne",38,36,38
"......2229 Villarsel-le-Gibloux",14,13,12
"......2230 Villarsel-sur-Marly",15,9,4
"......2231 Vuisternens-en-Ogoz",45,26,26
"......2232 Zénauva",11,6,7
"......2241 Agriswil",29,12,14
"......2243 Barberêche",69,60,48
"......2244 Büchslen",27,15,19
"......2247 Cordast",25,22,24
"......2250 Courgevaux",24,12,6
"......2251 Courlevon",56,28,26
"......2253 Courtaman",13,6,15
"......2254 Courtepin",28,18,16
"......2257 Cressier (FR)",31,23,16
"......2258 Fräschels",62,46,36
"......2259 Galmiz",94,51,37
"......2260 Gempenach",26,31,27
"......2261 Greng",18,12,13
"......2262 Gurmels",49,42,44
"......2263 Guschelmuth",46,33,23
"......2264 Jeuss",27,21,16
"......2265 Kerzers",197,132,146
"......2266 Kleinbösingen",27,14,15
"......2269 Liebistorf",49,26,25
"......2270 Lurtigen",42,28,20
"......2271 Meyriez",10,3,2
"......2272 Misery-Courtion",121,77,62
"......2274 Muntelier",12,8,13
"......2275 Murten",108,71,89
"......2276 Ried bei Kerzers",105,81,83
"......2277 Salvenach",55,35,30
"......2278 Ulmiz",51,23,25
"......2279 Villarepos",30,19,25
"......2280 Bas-Vully",91,40,63
"......2281 Haut-Vully",106,76,61
"......2282 Wallenbuch",7,6,6
"......2283 Wallenried",34,25,23
"......2291 Alterswil",205,131,111
"......2292 Brünisried",41,23,18
"......2293 Düdingen",307,268,201
"......2294 Giffers",53,47,44
"......2295 Bösingen",123,117,88
"......2296 Heitenried",145,84,68
"......2298 Oberschrot",64,37,40
"......2299 Plaffeien",115,64,74
"......2300 Plasselb",71,21,18
"......2301 Rechthalten",101,55,46
"......2302 St. Antoni",195,141,123
"......2303 St. Silvester",38,32,36
"......2304 St. Ursen",151,131,95
"......2305 Schmitten (FR)",127,103,95
"......2306 Tafers",78,63,60
"......2307 Tentlingen",39,21,24
"......2308 Ueberstorf",191,129,107
"......2309 Wünnewil-Flamatt",134,115,88
"......2310 Zumholz",26,11,24
"......2321 Attalens",73,43,38
"......2322 Besencens",22,18,17
"......2323 Bossonnens",30,22,23
"......2324 Bouloz",51,28,23
"......2325 Châtel-Saint-Denis",155,89,89
"......2326 Le Crêt",77,64,55
"......2327 Fiaugères",36,32,20
"......2328 Granges (Veveyse)",27,17,12
"......2329 Grattavache",26,20,8
"......2330 Pont (Veveyse)",13,14,10
"......2331 Porsel",42,29,20
"......2332 Progens",24,20,19
"......2333 Remaufens",37,29,23
"......2335 Saint-Martin (FR)",47,31,29
"......2336 Semsales",69,42,42
"......2401 Egerkingen",21,19,28
"......2402 Härkingen",39,25,20
"......2403 Kestenholz",53,49,44
"......2404 Neuendorf",46,37,29
"......2405 Niederbuchsiten",60,48,40
"......2406 Oberbuchsiten",33,17,29
"......2407 Oensingen",54,21,43
"......2408 Wolfwil",57,44,32
"......2421 Aedermannsdorf",49,39,31
"......2422 Balsthal",46,29,39
"......2423 Gänsbrunnen",20,20,14
"......2424 Herbetswil",52,28,26
"......2425 Holderbank (SO)",29,24,21
"......2426 Laupersdorf",63,54,50
"......2427 Matzendorf",83,52,43
"......2428 Mümliswil-Ramiswil",171,162,98
"......2429 Welschenrohr",71,42,32
"......2441 Aetigkofen",19,25,15
"......2442 Aetingen",24,24,15
"......2443 Balm bei Messen",18,15,7
"......2444 Bibern (SO)",24,23,18
"......2445 Biezwil",57,29,24
"......2446 Brügglen",14,16,13
"......2447 Brunnenthal",14,16,6
"......2449 Gossliwil",25,16,13
"......2450 Hessigkofen",31,25,17
"......2452 Küttigkofen",35,21,13
"......2453 Kyburg-Buchegg",16,16,12
"......2454 Lüsslingen",30,23,17
"......2455 Lüterkofen-Ichertswil",47,33,33
"......2456 Lüterswil-Gächliwil",47,25,21
"......2457 Messen",75,49,51
"......2458 Mühledorf (SO)",27,33,23
"......2459 Nennigkofen",49,35,26
"......2460 Oberramsern",14,8,13
"......2461 Schnottwil",82,47,37
"......2462 Tscheppach",14,12,17
"......2463 Unterramsern",20,16,17
"......2471 Bättwil",13,16,13
"......2472 Büren (SO)",28,25,23
"......2473 Dornach",29,21,25
"......2474 Gempen",33,22,32
"......2475 Hochwald",61,30,15
"......2476 Hofstetten-Flüh",44,37,24
"......2477 Metzerlen",37,34,43
"......2478 Nuglar-St. Pantaleon",29,17,21
"......2479 Rodersdorf",28,30,21
"......2480 Seewen",70,45,38
"......2481 Witterswil",16,13,12
"......2491 Hauenstein-Ifenthal",29,25,20
"......2492 Kienberg",78,51,41
"......2493 Lostorf",55,45,30
"......2494 Niedererlinsbach",24,21,23
"......2495 Niedergösgen",43,37,30
"......2496 Obererlinsbach",14,10,13
"......2497 Obergösgen",15,20,17
"......2498 Rohr (SO)",19,23,11
"......2499 Stüsslingen",56,38,26
"......2500 Trimbach",43,37,29
"......2501 Winznau",28,33,23
"......2502 Wisen (SO)",22,19,18
"......2511 Aeschi (SO)",36,36,27
"......2513 Biberist",80,72,100
"......2514 Bolken",18,13,11
"......2516 Deitingen",60,48,50
"......2517 Derendingen",42,45,57
"......2518 Etziken",30,26,25
"......2519 Gerlafingen",31,36,28
"......2520 Halten",20,22,24
"......2521 Heinrichswil-Winistorf",28,14,20
"......2522 Hersiwil",14,17,16
"......2523 Horriwil",27,25,23
"......2524 Hüniken",14,10,12
"......2525 Kriegstetten",10,10,13
"......2526 Lohn-Ammannsegg",43,31,23
"......2527 Luterbach",33,17,62
"......2528 Obergerlafingen",14,8,13
"......2529 Oekingen",19,19,18
"......2530 Recherswil",32,37,30
"......2531 Steinhof",12,16,7
"......2532 Subingen",62,39,45
"......2534 Zuchwil",36,34,52
"......2541 Balm bei Günsberg",16,10,8
"......2542 Bellach",77,50,53
"......2543 Bettlach",85,64,60
"......2544 Feldbrunnen-St. Niklaus",14,11,13
"......2545 Flumenthal",25,22,33
"......2546 Grenchen",171,128,135
"......2547 Günsberg",31,27,36
"......2548 Hubersdorf",9,9,11
"......2549 Kammersrohr",9,10,6
"......2550 Langendorf",22,15,25
"......2551 Lommiswil",47,42,36
"......2552 Niederwil (SO)",25,11,14
"......2553 Oberdorf (SO)",39,36,30
"......2554 Riedholz",24,18,50
"......2555 Rüttenen",32,21,24
"......2556 Selzach",118,81,68
"......2571 Boningen",22,19,13
"......2572 Däniken",33,22,22
"......2573 Dulliken",37,25,24
"......2574 Eppenberg-Wöschnau",11,8,9
"......2575 Fulenbach",46,37,38
"......2576 Gretzenbach",41,19,33
"......2578 Gunzgen",26,21,19
"......2579 Hägendorf",64,34,27
"......2580 Kappel (SO)",23,14,16
"......2581 Olten",54,36,39
"......2582 Rickenbach (SO)",14,14,7
"......2583 Schönenwerd",13,13,12
"......2584 Starrkirch-Wil",8,6,5
"......2585 Walterswil (SO)",42,31,18
"......2586 Wangen bei Olten",54,23,30
"......2601 Solothurn",55,54,79
"......2611 Bärschwil",40,35,24
"......2612 Beinwil (SO)",78,75,56
"......2613 Breitenbach",20,25,24
"......2614 Büsserach",18,16,18
"......2615 Erschwil",24,25,23
"......2616 Fehren",18,12,12
"......2617 Grindel",8,10,6
"......2618 Himmelried",31,21,17
"......2619 Kleinlützel",63,54,41
"......2620 Meltingen",23,14,13
"......2621 Nunningen",40,24,29
"......2622 Zullwil",11,11,14
"......2701 Basel",394,317,409
"......2702 Bettingen",10,5,7
"......2703 Riehen",136,98,74
"......2761 Aesch (BL)",57,88,75
"......2762 Allschwil",103,76,79
"......2763 Arlesheim",50,101,37
"......2764 Biel-Benken",50,63,60
"......2765 Binningen",82,63,60
"......2766 Birsfelden",35,17,35
"......2767 Bottmingen",46,29,29
"......2768 Ettingen",54,42,49
"......2769 Münchenstein",60,52,57
"......2770 Muttenz",113,94,95
"......2771 Oberwil (BL)",111,86,83
"......2772 Pfeffingen",22,12,20
"......2773 Reinach (BL)",93,64,73
"......2774 Schönenbuch",38,27,22
"......2775 Therwil",62,66,81
"......2781 Blauen",21,17,13
"......2782 Brislach",34,27,28
"......2783 Burg im Leimental",4,6,9
"......2784 Dittingen",12,12,12
"......2785 Duggingen",26,27,18
"......2786 Grellingen",12,7,15
"......2787 Laufen",46,45,27
"......2788 Liesberg",23,24,24
"......2789 Nenzlingen",17,14,10
"......2790 Roggenburg",18,18,21
"......2791 Röschenz",23,23,17
"......2792 Wahlen",29,23,21
"......2793 Zwingen",13,17,11
"......2821 Arisdorf",85,81,54
"......2822 Augst",26,21,17
"......2823 Bubendorf",53,55,48
"......2824 Frenkendorf",30,23,36
"......2825 Füllinsdorf",50,36,47
"......2826 Giebenach",11,12,12
"......2827 Hersberg",17,12,10
"......2828 Lausen",30,27,23
"......2829 Liestal",125,102,103
"......2830 Lupsingen",18,14,17
"......2831 Pratteln",80,76,106
"......2832 Ramlinsburg",15,12,8
"......2833 Seltisberg",13,9,7
"......2834 Ziefen",59,43,43
"......2841 Anwil",47,39,17
"......2842 Böckten",18,11,16
"......2843 Buckten",18,22,19
"......2844 Buus",100,68,55
"......2845 Diepflingen",5,3,6
"......2846 Gelterkinden",48,48,61
"......2847 Häfelfingen",31,30,26
"......2848 Hemmiken",39,26,22
"......2849 Itingen",19,8,15
"......2850 Känerkinden",18,13,10
"......2851 Kilchberg (BL)",19,16,7
"......2852 Läufelfingen",65,38,41
"......2853 Maisprach",73,52,39
"......2854 Nusshof",15,8,8
"......2855 Oltingen",39,48,39
"......2856 Ormalingen",45,47,42
"......2857 Rickenbach (BL)",29,33,25
"......2858 Rothenfluh",40,36,32
"......2859 Rümlingen",20,14,13
"......2860 Rünenberg",39,31,29
"......2861 Sissach",99,63,83
"......2862 Tecknau",11,4,11
"......2863 Tenniken",30,13,28
"......2864 Thürnen",33,37,20
"......2865 Wenslingen",74,40,32
"......2866 Wintersingen",55,26,26
"......2867 Wittinsburg",36,24,24
"......2868 Zeglingen",52,49,37
"......2869 Zunzgen",66,51,54
"......2881 Arboldswil",35,25,14
"......2882 Bennwil",72,54,37
"......2883 Bretzwil",38,41,34
"......2884 Diegten",89,74,61
"......2885 Eptingen",81,57,54
"......2886 Hölstein",47,37,34
"......2887 Lampenberg",39,31,26
"......2888 Langenbruck",57,70,49
"......2889 Lauwil",22,30,17
"......2890 Liedertswil",8,9,7
"......2891 Niederdorf",41,30,27
"......2892 Oberdorf (BL)",41,30,39
"......2893 Reigoldswil",58,46,43
"......2894 Titterten",37,29,23
"......2895 Waldenburg",24,22,25
"......2901 Gächlingen",94,65,50
"......2902 Guntmadingen",39,32,25
"......2903 Löhningen",51,42,34
"......2904 Neunkirch",68,46,42
"......2905 Osterfingen",70,45,25
"......2911 Altdorf (SH)",32,29,23
"......2912 Barzheim",34,25,25
"......2913 Bibern (SH)",18,19,13
"......2914 Büttenhardt",19,19,12
"......2915 Dörflingen",63,48,32
"......2916 Hofen",5,7,4
"......2917 Lohn (SH)",23,20,15
"......2918 Opfertshofen (SH)",21,19,8
"......2919 Stetten (SH)",29,22,15
"......2920 Thayngen",82,61,75
"......2931 Bargen (SH)",28,17,16
"......2932 Beringen",57,39,43
"......2933 Buchberg",53,53,35
"......2934 Hemmental",29,13,12
"......2936 Merishausen",45,41,33
"......2937 Neuhausen am Rheinfall",42,26,66
"......2938 Rüdlingen",45,28,26
"......2939 Schaffhausen",195,144,210
"......2951 Beggingen",83,59,38
"......2952 Schleitheim",104,82,78
"......2953 Siblingen",65,37,33
"......2961 Buch (SH)",35,30,16
"......2962 Hemishofen",39,28,30
"......2963 Ramsen",99,79,58
"......2964 Stein am Rhein",49,31,44
"......2971 Hallau",200,105,139
"......2972 Oberhallau",85,74,57
"......2973 Trasadingen",71,49,30
"......2974 Wilchingen",152,98,90
"......3001 Herisau",338,305,259
"......3002 Hundwil",177,166,97
"......3003 Schönengrund",62,63,34
"......3004 Schwellbrunn",213,167,120
"......3005 Stein (AR)",121,100,72
"......3006 Urnäsch",249,190,128
"......3007 Waldstatt",80,72,49
"......3021 Bühler",51,105,44
"......3022 Gais",142,118,102
"......3023 Speicher",89,72,59
"......3024 Teufen (AR)",150,95,83
"......3025 Trogen",46,59,40
"......3031 Grub (AR)",38,28,29
"......3032 Heiden",104,62,63
"......3033 Lutzenberg",19,24,28
"......3034 Rehetobel",58,52,34
"......3035 Reute (AR)",32,23,19
"......3036 Wald (AR)",62,37,31
"......3037 Walzenhausen",59,35,31
"......3038 Wolfhalden",59,39,45
"......3101 Appenzell",224,176,149
"......3102 Gonten",290,234,155
"......3103 Rüte",316,299,185
"......3104 Schlatt-Haslen",239,229,166
"......3105 Schwende",202,115,95
"......3111 Oberegg",144,114,72
"......3201 Häggenschwil",110,120,110
"......3202 Muolen",170,125,104
"......3203 St. Gallen",354,299,259
"......3204 Wittenbach",154,112,115
"......3211 Berg (SG)",53,51,38
"......3212 Eggersriet",93,65,53
"......3213 Goldach",50,36,43
"......3214 Mörschwil",117,84,82
"......3215 Rorschach",32,26,24
"......3216 Rorschacherberg",66,48,52
"......3217 Steinach",57,65,51
"......3218 Tübach",30,15,17
"......3219 Untereggen",59,54,41
"......3231 Au (SG)",45,29,38
"......3232 Balgach",50,49,57
"......3233 Berneck",99,58,59
"......3234 Diepoldsau",77,63,67
"......3235 Rheineck",18,20,12
"......3236 St. Margrethen",41,32,35
"......3237 Thal",97,70,65
"......3238 Widnau",50,37,24
"......3251 Altstätten",397,304,247
"......3252 Eichberg",78,41,37
"......3253 Marbach (SG)",70,51,48
"......3254 Oberriet (SG)",188,172,160
"......3255 Rebstein",61,31,44
"......3256 Rüthi (SG)",52,34,33
"......3271 Buchs (SG)",113,75,88
"......3272 Gams",234,150,143
"......3273 Grabs",283,207,191
"......3274 Sennwald",212,139,159
"......3275 Sevelen",117,87,89
"......3276 Wartau",137,108,113
"......3291 Bad Ragaz",67,73,94
"......3292 Flums",288,181,137
"......3293 Mels",290,185,155
"......3294 Pfäfers",112,101,103
"......3295 Quarten",130,90,76
"......3296 Sargans",65,44,59
"......3297 Vilters-Wangs",97,70,53
"......3298 Walenstadt",113,80,103
"......3311 Amden",173,91,60
"......3312 Benken (SG)",195,144,114
"......3313 Kaltbrunn",221,131,100
"......3314 Rieden",39,37,27
"......3315 Schänis",217,157,156
"......3316 Weesen",46,36,24
"......3331 Ernetschwil",124,105,63
"......3332 Eschenbach (SG)",177,136,106
"......3333 Goldingen",209,131,82
"......3334 Gommiswald",97,83,72
"......3335 Jona",164,133,129
"......3336 Rapperswil (SG)",23,24,35
"......3337 St. Gallenkappel",202,122,95
"......3338 Schmerikon",28,28,37
"......3339 Uznach",72,53,34
"......3351 Alt St. Johann",118,146,109
"......3352 Ebnat-Kappel",282,210,129
"......3354 Krummenau",123,118,107
"......3355 Nesslau",254,201,138
"......3356 Stein (SG)",94,61,47
"......3357 Wildhaus",132,103,78
"......3371 Brunnadern",55,45,28
"......3372 Hemberg",202,114,93
"......3373 Krinau",45,43,36
"......3374 Lichtensteig",16,10,19
"......3375 Oberhelfenschwil",132,101,70
"......3376 St. Peterzell",129,103,68
"......3377 Wattwil",330,282,208
"......3391 Bütschwil",225,155,115
"......3392 Kirchberg (SG)",430,362,265
"......3393 Lütisburg",157,133,91
"......3394 Mosnang",299,266,212
"......3401 Degersheim",153,94,96
"......3402 Flawil",129,118,85
"......3403 Ganterschwil",133,69,58
"......3405 Jonschwil",128,117,91
"......3406 Mogelsberg",274,264,159
"......3407 Oberuzwil",169,161,119
"......3408 Uzwil",143,136,113
"......3421 Bronschhofen",181,153,95
"......3422 Niederbüren",204,126,117
"......3423 Niederhelfenschwil",202,184,126
"......3424 Oberbüren",205,181,121
"......3425 Wil (SG)",88,156,93
"......3426 Zuzwil (SG)",81,69,71
"......3441 Andwil (SG)",114,88,65
"......3442 Gaiserwald",126,97,97
"......3443 Gossau (SG)",339,296,226
"......3444 Waldkirch",429,340,249
"......3501 Alvaschein",11,10,5
"......3502 Mon",15,11,8
"......3503 Mutten",22,11,11
"......3504 Stierva",18,14,12
"......3505 Tiefencastel",5,5,2
"......3506 Vaz/Obervaz",77,58,47
"......3511 Alvaneu",54,31,24
"......3512 Brienz/Brinzauls",15,20,5
"......3513 Lantsch/Lenz",31,14,13
"......3514 Schmitten (GR)",4,6,3
"......3515 Surava",5,6,4
"......3521 Bergün/Bravuogn",42,26,44
"......3522 Filisur",60,24,28
"......3523 Wiesen (GR)",23,11,9
"......3531 Bivio",14,11,10
"......3532 Cunter",14,4,4
"......3533 Marmorera",0,0,4
"......3534 Mulegns",4,6,7
"......3536 Riom-Parsonz",42,17,24
"......3538 Salouf",34,15,14
"......3539 Savognin",37,35,32
"......3540 Sur",7,4,3
"......3541 Tinizong-Rona",50,16,23
"......3551 Brusio",70,57,52
"......3561 Poschiavo",194,88,79
"......3571 Castrisch",30,22,15
"......3572 Falera",33,31,23
"......3573 Flond",24,17,10
"......3574 Ilanz",15,23,15
"......3575 Laax",24,15,16
"......3576 Ladir",15,7,6
"......3577 Luven",27,12,11
"......3578 Pitasch",23,10,11
"......3579 Riein",31,13,8
"......3580 Ruschein",26,18,13
"......3581 Sagogn",10,7,9
"......3582 Schluein",21,26,11
"......3583 Schnaus",15,8,6
"......3584 Sevgein",21,15,11
"......3586 Valendas",63,48,45
"......3587 Versam",57,44,35
"......3591 Camuns",30,16,6
"......3592 Cumbel",24,16,19
"......3593 Duvin",18,18,19
"......3594 Degen",38,40,17
"......3595 Lumbrein",93,40,21
"......3596 Morissen",43,24,14
"......3598 St. Martin",19,19,6
"......3599 Surcasti",25,12,4
"......3600 Surcuolm",8,8,9
"......3601 Tersnaus",23,14,8
"......3602 Uors-Peiden",14,3,5
"......3603 Vals",88,51,32
"......3604 Vignogn",26,13,22
"......3605 Vella",21,14,10
"......3606 Vrin",91,49,38
"......3611 Andiast",61,34,14
"......3612 Obersaxen",107,60,52
"......3613 Pigniu",10,3,2
"......3614 Rueun",26,18,16
"......3615 Siat",31,29,18
"......3616 Waltensburg/Vuorz",41,34,21
"......3631 Almens",17,9,15
"......3632 Feldis/Veulden",18,12,9
"......3633 Fürstenau",17,10,6
"......3634 Paspels",19,11,10
"......3635 Pratval",16,13,9
"......3636 Rodels",13,8,14
"......3637 Rothenbrunnen",16,12,9
"......3638 Scharans",44,32,19
"......3639 Scheid",58,19,32
"......3640 Sils im Domleschg",20,13,15
"......3641 Trans",18,12,9
"......3642 Tumegl/Tomils",22,11,4
"......3651 Safien",90,73,59
"......3652 Tenna",35,33,23
"......3661 Cazis",42,32,35
"......3662 Flerden",44,37,29
"......3663 Masein",28,16,22
"......3664 Portein",13,9,4
"......3665 Präz",43,35,29
"......3666 Sarn",30,27,21
"......3667 Tartar",15,7,2
"......3668 Thusis",30,32,16
"......3669 Tschappina",66,39,33
"......3670 Urmein",24,21,25
"......3681 Avers",44,29,29
"......3691 Hinterrhein",20,22,25
"......3692 Medels im Rheinwald",7,10,10
"......3693 Nufenen",33,30,26
"......3694 Splügen",32,18,16
"......3695 Sufers",16,18,16
"......3701 Andeer",31,20,19
"......3702 Ausserferrera",5,2,5
"......3703 Casti-Wergenstein",10,3,3
"......3704 Clugin",6,3,3
"......3705 Donath",40,22,21
"......3706 Innerferrera",3,2,4
"......3707 Lohn (GR)",31,28,6
"......3708 Mathon",22,17,12
"......3709 Patzen-Fardün",10,17,9
"......3710 Pignia",32,14,16
"......3711 Rongellen",7,4,2
"......3712 Zillis-Reischen",38,25,18
"......3721 Bonaduz",36,22,25
"......3722 Domat/Ems",60,35,48
"......3723 Rhäzüns",17,18,23
"......3731 Felsberg",22,23,35
"......3732 Flims",60,44,35
"......3733 Tamins",44,36,37
"......3734 Trin",29,20,22
"......3741 Ardez",27,21,29
"......3742 Guarda",25,24,12
"......3743 Lavin",31,17,16
"......3744 Susch",16,12,6
"......3745 Tarasp",19,12,8
"......3746 Zernez",51,34,22
"......3751 Ramosch",65,36,36
"......3752 Samnaun",69,52,30
"......3753 Tschlin",73,40,35
"......3761 Ftan",42,24,23
"......3762 Scuol",37,28,31
"......3763 Sent",63,46,34
"......3771 Bondo",17,5,7
"......3773 Castasegna",8,4,3
"......3774 Soglio",34,11,3
"......3775 Stampa",27,14,10
"......3776 Vicosoprano",22,16,15
"......3781 Bever",13,11,9
"......3782 Celerina/Schlarigna",7,6,7
"......3783 Madulain",10,12,6
"......3784 Pontresina",14,5,8
"......3785 La Punt-Chamues-ch",18,11,18
"......3786 Samedan",27,14,21
"......3787 St. Moritz",13,16,22
"......3788 S-chanf",27,12,15
"......3789 Sils im Engadin/Segl",20,19,13
"......3790 Silvaplana",10,3,7
"......3791 Zuoz",25,15,22
"......3801 Arvigo",10,1,4
"......3803 Braggio",11,5,13
"......3804 Buseno",32,6,5
"......3805 Castaneda",1,4,3
"......3806 Cauco",6,5,2
"......3808 Rossa",12,1,2
"......3810 Santa Maria in Calanca",37,4,6
"......3811 Selma",3,4,5
"......3821 Lostallo",13,13,19
"......3822 Mesocco",20,22,23
"......3823 Soazza",20,3,9
"......3831 Cama",14,10,12
"......3832 Grono",6,2,4
"......3833 Leggia",7,2,5
"......3834 Roveredo (GR)",29,8,26
"......3835 San Vittore",19,13,10
"......3836 Verdabbio",13,3,7
"......3841 Fuldera",16,11,11
"......3842 Lü",12,11,9
"......3843 Müstair",57,40,40
"......3844 Santa Maria Val Müstair",36,12,14
"......3845 Tschierv",15,8,6
"......3846 Valchava",25,20,13
"......3851 Davos",220,152,183
"......3861 Fideris",76,49,36
"......3862 Furna",65,37,39
"......3863 Jenaz",59,44,37
"......3871 Klosters-Serneus",171,108,97
"......3881 Conters im Prättigau",34,29,18
"......3882 Küblis",48,33,24
"......3883 Saas",80,44,31
"......3891 Luzein",217,110,74
"......3892 St. Antönien Ascharina",32,25,16
"......3893 St. Antönien",54,53,32
"......3901 Chur",184,117,171
"......3911 Churwalden",49,37,39
"......3912 Malix",29,15,18
"......3913 Parpan",19,11,5
"......3914 Praden",9,6,5
"......3915 Tschiertschen",12,9,5
"......3921 Arosa",11,8,20
"......3922 Calfreisen",16,8,4
"......3923 Castiel",20,14,8
"......3924 Langwies",47,38,32
"......3925 Lüen",8,6,6
"......3926 Maladers",39,21,19
"......3927 Molinis",16,9,9
"......3928 Pagig",14,6,6
"......3929 Peist",38,19,17
"......3930 St. Peter",9,3,1
"......3941 Haldenstein",29,11,19
"......3942 Igis",104,87,132
"......3943 Mastrils",18,17,23
"......3944 Says",25,21,10
"......3945 Trimmis",61,32,45
"......3946 Untervaz",73,60,55
"......3947 Zizers",70,43,59
"......3951 Fläsch",78,38,53
"......3952 Jenins",71,39,55
"......3953 Maienfeld",130,92,110
"......3954 Malans",109,72,77
"......3961 Grüsch",78,48,34
"......3962 Schiers",180,139,83
"......3971 Fanas",49,30,29
"......3972 Seewis im Prättigau",112,78,48
"......3973 Valzeina",51,37,32
"......3981 Breil/Brigels",108,70,50
"......3982 Disentis/Mustér",93,57,63
"......3983 Medel (Lucmagn)",133,49,32
"......3984 Schlans",16,5,5
"......3985 Sumvitg",107,80,61
"......3986 Tujetsch",90,65,32
"......3987 Trun",49,30,46
"......4001 Aarau",54,56,78
"......4002 Biberstein",14,18,21
"......4003 Buchs (AG)",28,22,28
"......4004 Densbüren",61,45,40
"......4005 Erlinsbach",64,53,76
"......4006 Gränichen",106,58,93
"......4007 Hirschthal",29,20,17
"......4008 Küttigen",67,49,79
"......4009 Muhen",83,66,54
"......4010 Oberentfelden",76,43,37
"......4011 Rohr (AG)",23,23,29
"......4012 Suhr",68,66,64
"......4013 Unterentfelden",14,13,15
"......4021 Baden",82,55,87
"......4022 Bellikon",41,37,25
"......4023 Bergdietikon",72,43,35
"......4024 Birmenstorf (AG)",67,91,85
"......4026 Ennetbaden",13,15,27
"......4027 Fislisbach",49,43,37
"......4028 Freienwil",28,25,18
"......4029 Gebenstorf",27,24,43
"......4030 Killwangen",14,15,15
"......4031 Künten",40,40,33
"......4032 Mägenwil",30,41,35
"......4033 Mellingen",50,44,39
"......4034 Neuenhof",23,13,27
"......4035 Niederrohrdorf",45,37,47
"......4036 Oberehrendingen",55,43,33
"......4037 Oberrohrdorf",54,31,24
"......4038 Obersiggenthal",75,49,61
"......4039 Remetschwil",50,39,29
"......4040 Spreitenbach",47,31,46
"......4041 Stetten (AG)",47,55,53
"......4042 Turgi",12,13,22
"......4043 Unterehrendingen",23,22,23
"......4044 Untersiggenthal",43,51,59
"......4045 Wettingen",98,60,112
"......4046 Wohlenschwil",44,22,34
"......4047 Würenlingen",48,33,52
"......4048 Würenlos",77,79,67
"......4061 Arni (AG)",33,30,23
"......4062 Berikon",64,45,42
"......4063 Bremgarten (AG)",33,29,38
"......4064 Büttikon",20,24,16
"......4065 Dottikon",47,41,36
"......4066 Eggenwil",21,19,16
"......4067 Fischbach-Göslikon",29,24,21
"......4068 Hägglingen",98,77,55
"......4069 Hermetschwil-Staffeln",21,13,18
"......4070 Hilfikon",24,9,9
"......4071 Jonen",68,49,40
"......4072 Niederwil (AG)",68,58,63
"......4073 Oberlunkhofen",29,33,25
"......4074 Oberwil-Lieli",54,50,44
"......4075 Rudolfstetten-Friedlisberg",43,34,29
"......4076 Sarmenstorf",68,57,39
"......4077 Tägerig",36,30,13
"......4078 Uezwil",33,22,17
"......4079 Unterlunkhofen",41,34,29
"......4080 Villmergen",82,84,56
"......4081 Widen",24,21,28
"......4082 Wohlen (AG)",121,98,93
"......4083 Zufikon",35,33,30
"......4084 Islisberg",17,12,13
"......4091 Auenstein",27,27,28
"......4092 Birr",35,14,36
"......4093 Birrhard",35,16,23
"......4094 Bözen",39,26,26
"......4095 Brugg",70,38,82
"......4096 Effingen",33,23,30
"......4097 Elfingen",22,15,9
"......4098 Gallenkirch",11,6,9
"......4099 Habsburg",9,15,10
"......4100 Hausen (AG)",18,16,29
"......4101 Hottwil",41,18,22
"......4103 Linn",22,14,14
"......4104 Lupfig",43,31,45
"......4105 Mandach",70,36,28
"......4106 Mönthal",23,8,7
"......4107 Mülligen",28,22,21
"......4108 Oberbözberg",50,43,23
"......4109 Oberflachs",41,22,22
"......4110 Remigen",39,27,30
"......4111 Riniken",31,21,33
"......4112 Rüfenach",59,32,45
"......4113 Scherz",39,29,20
"......4114 Schinznach-Bad",5,2,15
"......4115 Schinznach-Dorf",76,51,52
"......4116 Stilli",6,6,10
"......4117 Thalheim (AG)",53,39,43
"......4118 Umiken",7,3,14
"......4119 Unterbözberg",45,38,33
"......4120 Veltheim (AG)",72,36,40
"......4121 Villigen",56,54,38
"......4122 Villnachern",35,17,34
"......4123 Windisch",38,28,125
"......4131 Beinwil am See",73,43,38
"......4132 Birrwil",44,31,25
"......4133 Burg (AG)",5,10,7
"......4134 Dürrenäsch",32,29,26
"......4135 Gontenschwil",103,80,51
"......4136 Holziken",39,37,26
"......4137 Leimbach (AG)",17,15,15
"......4138 Leutwil",32,27,25
"......4139 Menziken",42,33,27
"......4140 Oberkulm",91,68,45
"......4141 Reinach (AG)",97,66,50
"......4142 Schlossrued",79,80,47
"......4143 Schmiedrued",139,80,60
"......4144 Schöftland",56,46,39
"......4145 Teufenthal (AG)",36,25,21
"......4146 Unterkulm",102,76,54
"......4147 Zetzwil",79,46,45
"......4161 Eiken",52,26,26
"......4162 Etzgen",7,5,5
"......4163 Frick",64,57,45
"......4164 Gansingen",87,44,43
"......4165 Gipf-Oberfrick",74,69,73
"......4166 Herznach",60,42,48
"......4167 Hornussen",31,33,23
"......4168 Ittenthal",29,22,15
"......4169 Kaisten",76,50,53
"......4170 Laufenburg",22,18,19
"......4171 Mettau",16,12,6
"......4172 Münchwilen (AG)",7,10,6
"......4173 Oberhof",80,47,30
"......4174 Oberhofen (AG)",19,18,12
"......4175 Oeschgen",40,23,15
"......4176 Schwaderloch",13,11,15
"......4177 Sisseln",5,8,11
"......4178 Sulz (AG)",76,58,33
"......4179 Ueken",25,23,23
"......4180 Wil (AG)",58,41,36
"......4181 Wittnau",55,18,30
"......4182 Wölflinswil",78,68,58
"......4183 Zeihen",60,43,43
"......4191 Ammerswil",25,19,16
"......4192 Boniswil",32,18,15
"......4193 Brunegg",7,9,6
"......4194 Dintikon",39,30,26
"......4195 Egliswil",77,37,32
"......4196 Fahrwangen",49,35,29
"......4197 Hallwil",34,28,19
"......4198 Hendschiken",45,42,31
"......4199 Holderbank (AG)",2,3,4
"......4200 Hunzenschwil",42,27,26
"......4201 Lenzburg",73,47,79
"......4202 Meisterschwanden",51,38,35
"......4203 Möriken-Wildegg",62,53,42
"......4204 Niederlenz",33,16,39
"......4205 Othmarsingen",35,24,37
"......4206 Rupperswil",56,50,48
"......4207 Schafisheim",67,53,42
"......4208 Seengen",123,72,66
"......4209 Seon",101,71,76
"......4210 Staufen",34,22,25
"......4221 Abtwil",51,43,28
"......4222 Aristau",117,83,50
"......4223 Auw",109,94,64
"......4224 Beinwil (Freiamt)",155,120,83
"......4225 Benzenschwil",25,35,24
"......4226 Besenbüren",45,35,25
"......4227 Bettwil",50,50,29
"......4228 Boswil",107,97,77
"......4229 Bünzen",63,57,48
"......4230 Buttwil",44,39,37
"......4231 Dietwil",75,62,54
"......4232 Geltwil",22,25,20
"......4233 Kallern",39,32,26
"......4234 Merenschwand",106,78,80
"......4235 Mühlau",76,53,46
"......4236 Muri (AG)",157,124,104
"......4237 Oberrüti",65,61,46
"......4238 Rottenschwil",46,33,22
"......4239 Sins",267,237,161
"......4240 Waltenschwil",51,40,37
"......4251 Hellikon",79,67,41
"......4252 Kaiseraugst",17,15,14
"......4253 Magden",63,60,52
"......4254 Möhlin",149,101,114
"......4255 Mumpf",11,7,13
"......4256 Obermumpf",34,33,30
"......4257 Olsberg",25,25,24
"......4258 Rheinfelden",86,56,95
"......4259 Schupfart",67,40,24
"......4260 Stein (AG)",13,6,9
"......4261 Wallbach",36,23,31
"......4262 Wegenstetten",50,40,31
"......4263 Zeiningen",73,61,41
"......4264 Zuzgen",54,48,37
"......4271 Aarburg",40,42,33
"......4272 Attelwil",23,22,20
"......4273 Bottenwil",57,38,23
"......4274 Brittnau",170,134,79
"......4275 Kirchleerau",46,35,38
"......4276 Kölliken",81,55,51
"......4277 Moosleerau",44,29,19
"......4278 Mühlethal",11,3,9
"......4279 Murgenthal",115,94,55
"......4280 Oftringen",126,91,81
"......4281 Reitnau",96,56,50
"......4282 Rothrist",111,62,50
"......4283 Safenwil",36,32,39
"......4284 Staffelbach",77,61,49
"......4285 Strengelbach",48,37,35
"......4286 Uerkheim",103,61,37
"......4287 Vordemwald",63,54,36
"......4288 Wiliberg",19,22,16
"......4289 Zofingen",95,68,52
"......4301 Baldingen",32,24,19
"......4302 Böbikon",28,25,25
"......4303 Böttstein",50,30,39
"......4304 Döttingen",42,26,38
"......4305 Endingen",73,51,57
"......4306 Fisibach",41,29,26
"......4307 Full-Reuenthal",33,25,24
"......4308 Kaiserstuhl",6,8,7
"......4309 Klingnau",35,24,27
"......4310 Koblenz",33,20,38
"......4311 Leibstadt",65,36,32
"......4312 Lengnau (AG)",127,87,68
"......4313 Leuggern",100,74,65
"......4314 Mellikon",10,6,6
"......4315 Rekingen (AG)",7,7,5
"......4316 Rietheim",18,15,11
"......4317 Rümikon",12,12,5
"......4318 Schneisingen",62,51,34
"......4319 Siglistorf",40,22,14
"......4320 Tegerfelden",48,38,42
"......4321 Unterendingen",17,26,14
"......4322 Wislikofen",44,32,26
"......4323 Zurzach",21,17,36
"......4401 Arbon",95,67,78
"......4406 Dozwil",24,26,20
"......4411 Egnach",381,303,257
"......4416 Hefenhofen",82,75,58
"......4421 Horn",28,15,12
"......4426 Kesswil",68,47,49
"......4431 Roggwil (TG)",143,138,105
"......4436 Romanshorn",125,92,95
"......4441 Salmsach",53,43,36
"......4446 Sommeri",69,47,35
"......4451 Uttwil",77,53,53
"......4461 Amriswil",269,225,190
"......4471 Bischofszell",121,92,92
"......4476 Erlen",179,140,127
"......4486 Hauptwil-Gottshaus",187,144,118
"......4495 Hohentannen",155,95,72
"......4501 Kradolf-Schönenberg",166,107,99
"......4506 Sulgen",125,104,81
"......4511 Zihlschlacht-Sitterdorf",164,119,113
"......4536 Basadingen-Schlattingen",128,84,76
"......4545 Diessenhofen",48,46,50
"......4546 Schlatt (TG)",106,77,64
"......4551 Aadorf",194,172,159
"......4561 Felben-Wellhausen",57,45,38
"......4566 Frauenfeld",226,214,190
"......4571 Gachnang",93,80,64
"......4590 Hüttlingen",109,74,58
"......4591 Matzingen",90,77,57
"......4601 Neunforn",120,93,60
"......4606 Stettfurt",56,51,26
"......4611 Thundorf",133,120,94
"......4616 Uesslingen-Buch",198,134,110
"......4621 Warth-Weiningen",53,46,44
"......4641 Altnau",81,84,79
"......4643 Bottighofen",18,13,26
"......4646 Ermatingen",110,69,53
"......4651 Gottlieben",5,6,4
"......4656 Güttingen",137,120,81
"......4666 Kemmental",296,233,163
"......4671 Kreuzlingen",81,65,113
"......4681 Langrickenbach",196,131,108
"......4683 Lengwil",88,83,87
"......4691 Münsterlingen",38,37,46
"......4696 Tägerwilen",121,86,85
"......4701 Wäldi",179,118,85
"......4711 Affeltrangen",185,139,99
"......4716 Bettwiesen",58,41,22
"......4721 Bichelsee-Balterswil",109,77,64
"......4723 Braunau",75,73,66
"......4724 Eschlikon",49,56,39
"......4726 Fischingen",221,211,148
"......4741 Lommis",72,69,41
"......4746 Münchwilen (TG)",99,65,56
"......4751 Rickenbach (TG)",21,26,16
"......4756 Schönholzerswilen",171,135,83
"......4761 Sirnach",105,106,81
"......4776 Tobel-Tägerschen",72,46,44
"......4781 Wängi",220,156,129
"......4786 Wilen (TG)",24,23,20
"......4791 Wuppenau",172,137,89
"......4801 Berlingen",18,18,12
"......4806 Eschenz",97,73,72
"......4811 Herdern",127,97,71
"......4816 Homburg",272,209,145
"......4821 Hüttwilen",203,148,107
"......4826 Mammern",37,31,22
"......4831 Müllheim",95,60,58
"......4841 Pfyn",138,106,87
"......4846 Raperswilen",82,56,47
"......4851 Salenstein",55,34,38
"......4864 Steckborn",56,41,43
"......4871 Wagenhausen",106,94,51
"......4881 Amlikon-Bissegg",163,136,114
"......4891 Berg (TG)",170,159,106
"......4901 Birwinken",157,142,107
"......4911 Bürglen (TG)",132,106,84
"......4921 Bussnang",253,200,154
"......4941 Märstetten",143,108,70
"......4946 Weinfelden",163,145,132
"......4951 Wigoltingen",231,163,114
"......5001 Arbedo-Castione",14,7,14
"......5002 Bellinzona",51,44,56
"......5003 Cadenazzo",45,35,40
"......5004 Camorino",43,32,20
"......5005 Giubiasco",34,37,55
"......5006 Gnosca",1,4,3
"......5007 Gorduno",1,1,3
"......5008 Gudo",28,22,13
"......5009 Isone",28,20,7
"......5010 Lumino",5,3,3
"......5011 Medeglia",11,1,3
"......5012 Moleno",5,0,3
"......5013 Monte Carasso",39,8,22
"......5014 Pianezzo",6,2,3
"......5015 Preonzo",26,6,7
"......5016 Robasacco",4,1,0
"......5017 Sant'Antonino",34,26,30
"......5018 Sant'Antonio",11,2,3
"......5019 Sementina",34,22,29
"......5031 Aquila",42,18,13
"......5032 Campo (Blenio)",32,17,13
"......5033 Castro",15,8,5
"......5034 Corzoneso",11,8,5
"......5035 Dongio",6,4,6
"......5036 Ghirone",11,5,3
"......5037 Largario",4,4,3
"......5038 Leontica",17,19,14
"......5039 Lottigna",2,1,4
"......5040 Ludiano",7,6,4
"......5041 Malvaglia",48,25,36
"......5042 Marolta",15,3,5
"......5043 Olivone",62,39,33
"......5044 Ponto Valentino",38,14,8
"......5045 Prugiasco",27,9,6
"......5046 Semione",25,21,8
"......5047 Torre",10,6,8
"......5061 Airolo",43,24,50
"......5062 Anzonico",2,0,4
"......5063 Bedretto",10,6,5
"......5064 Bodio",3,0,1
"......5065 Calonico",2,2,3
"......5066 Calpiogna",8,1,3
"......5067 Campello",3,0,1
"......5068 Cavagnago",21,21,12
"......5069 Chiggiogna",10,5,8
"......5070 Chironico",36,23,18
"......5071 Dalpe",22,17,13
"......5072 Faido",9,6,16
"......5073 Giornico",7,4,12
"......5074 Mairengo",4,0,4
"......5075 Osco",16,8,10
"......5076 Personico",26,2,3
"......5077 Pollegio",14,9,8
"......5078 Prato (Leventina)",9,8,7
"......5079 Quinto",68,32,37
"......5080 Rossura",13,15,6
"......5081 Sobrio",10,2,5
"......5091 Ascona",53,12,14
"......5092 Auressio",4,1,0
"......5093 Berzona",1,1,2
"......5094 Borgnone",9,2,5
"......5095 Brione (Verzasca)",21,11,7
"......5096 Brione sopra Minusio",10,4,2
"......5097 Brissago",21,23,18
"......5098 Caviano",1,3,1
"......5099 Cavigliano",7,4,7
"......5101 Contone",20,12,14
"......5102 Corippo",9,4,2
"......5104 Cugnasco",43,20,16
"......5105 Frasco",6,6,6
"......5106 Gerra (Gambarogno)",3,2,5
"......5107 Gerra (Verzasca)",41,28,25
"......5108 Gordola",95,46,48
"......5109 Gresso",8,2,0
"......5110 Indemini",13,7,5
"......5111 Intragna",55,17,19
"......5112 Lavertezzo",39,19,18
"......5113 Locarno",78,66,82
"......5114 Loco",14,7,5
"......5115 Losone",47,24,44
"......5116 Magadino",20,12,14
"......5117 Mergoscia",34,11,9
"......5118 Minusio",34,43,32
"......5119 Mosogno",7,2,3
"......5120 Muralto",8,9,7
"......5121 Orselina",5,2,2
"......5122 Palagnedra",14,16,5
"......5123 Piazzogna",7,4,3
"......5125 Ronco sopra Ascona",20,7,7
"......5127 San Nazzaro",6,3,9
"......5128 Sant'Abbondio",3,1,0
"......5129 Sonogno",17,14,13
"......5130 Tegna",6,6,6
"......5131 Tenero-Contra",28,16,28
"......5132 Vergeletto",25,11,6
"......5133 Verscio",16,5,5
"......5134 Vira (Gambarogno)",7,9,1
"......5135 Vogorno",38,11,11
"......5136 Onsernone",22,5,12
"......5141 Agno",27,17,20
"......5142 Agra",7,10,7
"......5143 Aranno",4,9,2
"......5144 Arogno",20,17,17
"......5145 Arosio",15,3,6
"......5146 Astano",7,5,4
"......5147 Barbengo",18,8,9
"......5148 Bedano",5,6,12
"......5149 Bedigliora",7,5,4
"......5150 Bidogno",6,8,7
"......5151 Bioggio",18,11,9
"......5153 Bironico",14,3,5
"......5154 Bissone",4,0,4
"......5155 Bogno",3,0,2
"......5156 Bosco Luganese",2,1,2
"......5158 Breganzona",26,15,15
"......5159 Breno",8,0,1
"......5160 Brusino Arsizio",4,0,5
"......5161 Cademario",6,23,7
"......5162 Cadempino",8,10,10
"......5163 Cadro",8,8,8
"......5164 Cagiallo",10,3,7
"......5165 Camignolo",3,2,7
"......5167 Canobbio",11,4,12
"......5168 Carabbia",1,1,1
"......5169 Carabietta",0,0,0
"......5170 Carona",11,8,7
"......5171 Caslano",21,21,17
"......5173 Certara",5,3,1
"......5174 Cimadera",1,1,0
"......5175 Cimo",0,1,0
"......5176 Comano",12,5,13
"......5177 Corticiasca",5,4,3
"......5178 Croglio",13,15,16
"......5179 Cureggia",0,0,0
"......5180 Cureglia",6,7,0
"......5181 Curio",15,7,11
"......5182 Davesco-Soragno",7,4,2
"......5183 Fescoggia",8,2,1
"......5184 Gandria",0,0,2
"......5185 Gentilino",9,5,1
"......5186 Grancia",3,3,1
"......5187 Gravesano",3,9,2
"......5188 Iseo",2,3,2
"......5189 Lamone",12,22,12
"......5190 Lopagno",3,1,4
"......5191 Lugaggia",3,3,8
"......5192 Lugano",116,51,47
"......5193 Magliaso",14,15,7
"......5194 Manno",12,14,7
"......5195 Maroggia",2,0,2
"......5196 Massagno",24,11,14
"......5197 Melano",5,4,8
"......5198 Melide",2,2,7
"......5199 Mezzovico-Vira",18,9,12
"......5200 Miglieglia",2,6,5
"......5201 Montagnola",26,15,18
"......5202 Monteggio",11,8,11
"......5203 Morcote",11,9,7
"......5204 Mugena",5,0,2
"......5205 Muzzano",14,5,15
"......5206 Neggio",8,5,5
"......5207 Novaggio",3,22,5
"......5208 Origlio",4,3,11
"......5209 Pambio-Noranco",9,2,4
"......5210 Paradiso",13,11,11
"......5211 Pazzallo",8,5,7
"......5212 Ponte Capriasca",1,8,10
"......5213 Ponte Tresa",0,0,0
"......5214 Porza",13,7,5
"......5215 Pregassona",30,15,13
"......5216 Pura",7,6,4
"......5217 Rivera",14,11,11
"......5218 Roveredo (TI)",4,2,3
"......5219 Rovio",6,2,4
"......5220 Sala Capriasca",15,3,13
"......5221 Savosa",13,6,7
"......5222 Sessa",9,14,13
"......5223 Sigirino",6,4,6
"......5224 Sonvico",14,4,8
"......5225 Sorengo",16,9,11
"......5226 Tesserete",12,3,10
"......5227 Torricella-Taverne",16,9,11
"......5228 Vaglio",6,7,3
"......5229 Valcolla",6,8,7
"......5230 Vernate",1,1,3
"......5231 Vezia",13,19,14
"......5232 Vezio",4,3,6
"......5233 Vico Morcote",2,1,3
"......5234 Viganello",26,22,10
"......5235 Villa Luganese",2,7,4
"......5241 Arzo",4,1,3
"......5242 Balerna",8,7,14
"......5243 Besazio",7,1,0
"......5244 Bruzella",15,4,4
"......5245 Cabbio",8,3,5
"......5246 Caneggio",10,1,4
"......5247 Capolago",1,2,2
"......5248 Casima",5,2,5
"......5249 Castel San Pietro",20,24,29
"......5250 Chiasso",23,21,23
"......5251 Coldrerio",17,24,13
"......5252 Genestrerio",17,14,13
"......5253 Ligornetto",14,6,10
"......5254 Mendrisio",29,18,21
"......5255 Meride",10,5,5
"......5256 Monte",6,3,2
"......5257 Morbio Inferiore",26,33,22
"......5258 Morbio Superiore",4,2,6
"......5259 Muggio",26,18,7
"......5260 Novazzano",35,35,36
"......5262 Rancate",12,10,12
"......5263 Riva San Vitale",14,13,13
"......5264 Sagno",3,2,3
"......5265 Salorino",5,4,3
"......5266 Stabio",26,13,22
"......5267 Tremona",3,2,6
"......5268 Vacallo",11,3,5
"......5281 Biasca",49,36,43
"......5282 Claro",25,10,34
"......5283 Cresciano",7,0,2
"......5284 Iragna",13,0,3
"......5285 Lodrino",21,8,9
"......5286 Osogna",2,0,3
"......5301 Aurigeno",18,6,7
"......5302 Avegno",5,2,2
"......5303 Bignasco",5,1,3
"......5304 Bosco/Gurin",6,3,4
"......5305 Broglio",12,4,1
"......5306 Brontallo",7,2,2
"......5307 Campo (Vallemaggia)",17,7,12
"......5308 Cavergno",11,9,7
"......5309 Cerentino",14,7,4
"......5310 Cevio",6,3,4
"......5311 Coglio",8,5,3
"......5312 Fusio",14,8,5
"......5313 Giumaglio",6,3,4
"......5314 Gordevio",15,8,13
"......5315 Linescio",16,0,0
"......5316 Lodano",8,4,4
"......5317 Maggia",10,13,15
"......5318 Menzonio",6,7,1
"......5319 Moghegno",20,7,10
"......5320 Peccia",18,5,5
"......5321 Prato-Sornico",19,8,6
"......5322 Someo",9,3,1
"......5401 Aigle",218,260,195
"......5402 Bex",202,180,142
"......5403 Chessel",39,24,32
"......5404 Corbeyrier",29,25,14
"......5405 Gryon",22,24,30
"......5406 Lavey-Morcles",16,14,14
"......5407 Leysin",34,29,32
"......5408 Noville",68,58,47
"......5409 Ollon",199,158,151
"......5410 Ormont-Dessous",145,78,60
"......5411 Ormont-Dessus",100,71,51
"......5412 Rennaz",32,21,28
"......5413 Roche (VD)",50,38,33
"......5414 Villeneuve (VD)",64,55,60
"......5415 Yvorne",139,107,90
"......5421 Apples",53,51,47
"......5422 Aubonne",99,82,79
"......5423 Ballens",67,74,46
"......5424 Berolle",32,25,16
"......5425 Bière",52,52,54
"......5426 Bougy-Villars",35,26,15
"......5427 Féchy",44,56,47
"......5428 Gimel",63,55,78
"......5429 Longirod",36,49,29
"......5430 Marchissy",34,23,35
"......5431 Mollens (VD)",32,31,28
"......5432 Montherod",30,28,32
"......5433 Pizy",15,13,8
"......5434 Saint-George",25,28,25
"......5435 Saint-Livres",53,48,41
"......5436 Saint-Oyens",28,25,17
"......5437 Saubraz",21,16,10
"......5451 Avenches",104,73,75
"......5452 Bellerive (VD)",43,30,21
"......5453 Chabrey",30,20,17
"......5454 Champmartin",13,11,6
"......5455 Constantine",43,31,24
"......5456 Cudrefin",105,77,67
"......5457 Donatyre",13,7,8
"......5458 Faoug",26,34,26
"......5459 Montmagny",23,25,16
"......5460 Mur (VD)",33,26,22
"......5461 Oleyres",33,23,13
"......5462 Vallamand",34,29,17
"......5463 Villars-le-Grand",42,46,36
"......5471 Bettens",25,36,28
"......5472 Bournens",21,20,16
"......5473 Boussens",22,38,31
"......5474 La Chaux (Cossonay)",33,25,23
"......5475 Chavannes-le-Veyron",17,22,20
"......5476 Chevilly",25,24,12
"......5477 Cossonay",57,37,58
"......5478 Cottens (VD)",29,19,25
"......5479 Cuarnens",43,39,31
"......5480 Daillens",33,28,21
"......5481 Dizy",20,22,16
"......5482 Eclépens",23,22,19
"......5483 Ferreyres",18,16,15
"......5484 Gollion",45,36,33
"......5485 Grancy",37,28,18
"......5486 L'Isle",70,60,54
"......5487 Lussery-Villars",28,28,16
"......5488 Mauraz",6,4,5
"......5489 Mex (VD)",18,19,16
"......5490 Moiry",22,20,17
"......5491 Mont-la-Ville",31,26,27
"......5492 Montricher",56,48,55
"......5493 Orny",31,35,29
"......5494 Pampigny",68,57,59
"......5495 Penthalaz",27,18,22
"......5496 Penthaz",15,12,18
"......5497 Pompaples",13,12,18
"......5498 La Sarraz",45,24,24
"......5499 Senarclens",24,31,22
"......5500 Sévery",21,22,12
"......5501 Sullens",33,22,24
"......5503 Vufflens-la-Ville",25,18,20
"......5511 Assens",35,26,11
"......5512 Bercher",20,20,30
"......5513 Bioley-Orjulaz",17,16,11
"......5514 Bottens",68,61,41
"......5515 Bretigny-sur-Morrens",10,12,10
"......5516 Cugy (VD)",28,20,27
"......5517 Dommartin",24,27,15
"......5518 Echallens",49,64,84
"......5519 Eclagnens",19,13,6
"......5520 Essertines-sur-Yverdon",69,45,41
"......5521 Etagnières",21,17,16
"......5522 Fey",51,33,23
"......5523 Froideville",41,37,26
"......5524 Goumoens-la-Ville",46,46,33
"......5525 Goumoens-le-Jux",5,9,2
"......5526 Malapalud",17,13,10
"......5527 Morrens (VD)",15,14,19
"......5528 Naz",16,11,5
"......5529 Oulens-sous-Echallens",36,25,26
"......5530 Pailly",53,56,61
"......5531 Penthéréaz",39,53,36
"......5532 Poliez-le-Grand",43,21,16
"......5533 Poliez-Pittet",38,33,29
"......5534 Rueyres",22,25,18
"......5535 Saint-Barthélemy (VD)",33,29,24
"......5536 Sugnens",38,26,18
"......5537 Villars-le-Terroir",78,74,43
"......5538 Villars-Tiercelin",12,5,10
"......5539 Vuarrens",73,62,41
"......5551 Bonvillars",36,24,16
"......5552 Bullet",42,33,33
"......5553 Champagne",49,34,22
"......5554 Concise",45,42,41
"......5555 Corcelles-près-Concise",31,30,19
"......5556 Fiez",18,14,11
"......5557 Fontaines-sur-Grandson",16,15,9
"......5558 Fontanezier",8,9,8
"......5559 Giez",34,24,18
"......5560 Grandevent",7,4,6
"......5561 Grandson",65,39,33
"......5562 Mauborget",8,6,10
"......5563 Mutrux",17,8,14
"......5564 Novalles",18,7,11
"......5565 Onnens (VD)",35,17,20
"......5566 Provence",68,49,39
"......5567 Romairon",11,8,9
"......5568 Sainte-Croix",96,77,76
"......5569 Vaugondry",5,4,3
"......5570 Villars-Burquin",15,15,16
"......5581 Belmont-sur-Lausanne",17,17,20
"......5582 Cheseaux-sur-Lausanne",42,38,44
"......5583 Crissier",49,44,72
"......5584 Epalinges",30,19,44
"......5585 Jouxtens-Mézery",15,4,10
"......5586 Lausanne",490,356,798
"......5587 Le Mont-sur-Lausanne",107,82,73
"......5588 Paudex",13,8,15
"......5589 Prilly",50,40,78
"......5590 Pully",72,45,98
"......5591 Renens (VD)",82,70,127
"......5592 Romanel-sur-Lausanne",26,25,42
"......5601 Chexbres",48,39,46
"......5602 Cully",97,86,64
"......5603 Epesses",58,38,48
"......5604 Forel (Lavaux)",152,132,108
"......5605 Grandvaux",71,60,45
"......5606 Lutry",161,108,105
"......5607 Puidoux",214,141,147
"......5608 Riex",53,38,28
"......5609 Rivaz",43,33,28
"......5610 Saint-Saphorin (Lavaux)",18,20,21
"......5611 Savigny",128,98,105
"......5612 Villette (Lavaux)",56,38,30
"......5621 Aclens",42,20,21
"......5622 Bremblens",37,41,21
"......5623 Buchillon",14,9,16
"......5624 Bussigny-près-Lausanne",39,34,48
"......5625 Bussy-Chardonney",23,11,17
"......5627 Chavannes-près-Renens",52,38,28
"......5628 Chigny",11,14,11
"......5629 Clarmont",14,16,5
"......5630 Colombier (VD)",57,43,30
"......5631 Denens",42,34,28
"......5632 Denges",20,18,17
"......5633 Echandens",42,32,25
"......5634 Echichens",28,30,23
"......5635 Ecublens (VD)",77,70,75
"......5636 Etoy",68,59,60
"......5637 Lavigny",37,22,27
"......5638 Lonay",60,37,47
"......5639 Lully (VD)",29,35,18
"......5640 Lussy-sur-Morges",27,24,19
"......5641 Monnaz",17,16,15
"......5642 Morges",71,52,108
"......5643 Préverenges",21,22,34
"......5644 Reverolle",20,10,11
"......5645 Romanel-sur-Morges",17,15,10
"......5646 Saint-Prex",62,66,62
"......5647 Saint-Saphorin-sur-Morges",44,24,13
"......5648 Saint-Sulpice (VD)",51,39,26
"......5649 Tolochenaz",18,26,25
"......5650 Vaux-sur-Morges",31,18,13
"......5651 Villars-Sainte-Croix",14,7,8
"......5652 Villars-sous-Yens",37,27,29
"......5653 Vufflens-le-Château",20,18,22
"......5654 Vullierens",55,39,16
"......5655 Yens",91,84,63
"......5661 Boulens",25,26,17
"......5662 Brenles",28,23,12
"......5663 Bussy-sur-Moudon",29,23,12
"......5664 Chapelle-sur-Moudon",25,29,27
"......5665 Chavannes-sur-Moudon",41,39,37
"......5666 Chesalles-sur-Moudon",29,27,8
"......5667 Correvon",17,16,10
"......5668 Cremin",20,13,8
"......5669 Curtilles",31,32,22
"......5670 Denezy",20,19,15
"......5671 Dompierre (VD)",47,40,30
"......5672 Forel-sur-Lucens",41,35,35
"......5673 Hermenches",41,29,24
"......5674 Lovatens",24,17,14
"......5675 Lucens",37,17,36
"......5676 Martherenges",18,16,12
"......5677 Montaubion-Chardonney",15,7,11
"......5678 Moudon",95,82,90
"......5679 Neyruz-sur-Moudon",30,24,14
"......5680 Ogens",31,24,18
"......5681 Oulens-sur-Lucens",12,10,8
"......5682 Peyres-Possens",17,13,10
"......5683 Prévonloup",19,14,9
"......5684 Rossenges",12,12,9
"......5685 Saint-Cierges",47,50,40
"......5686 Sarzens",17,11,12
"......5687 Sottens",33,26,24
"......5688 Syens",13,10,10
"......5689 Thierrens",56,64,45
"......5690 Villars-le-Comte",36,25,16
"......5691 Villars-Mendraz",23,14,18
"......5692 Vucherens",29,24,33
"......5701 Arnex-sur-Nyon",19,12,11
"......5702 Arzier",34,48,50
"......5703 Bassins",31,38,34
"......5704 Begnins",60,43,50
"......5705 Bogis-Bossey",9,10,9
"......5706 Borex",26,20,19
"......5707 Chavannes-de-Bogis",13,20,12
"......5708 Chavannes-des-Bois",5,8,2
"......5709 Chéserex",30,18,25
"......5710 Coinsins",16,18,17
"......5711 Commugny",28,37,22
"......5712 Coppet",15,23,12
"......5713 Crans-près-Céligny",23,16,18
"......5714 Crassier",14,11,11
"......5715 Duillier",32,24,21
"......5716 Eysins",28,20,22
"......5717 Founex",53,57,44
"......5718 Genolier",27,22,30
"......5719 Gingins",35,33,26
"......5720 Givrins",31,23,29
"......5721 Gland",77,63,160
"......5722 Grens",22,23,19
"......5723 Mies",22,14,15
"......5724 Nyon",122,144,194
"......5725 Prangins",39,55,56
"......5726 La Rippe",33,35,35
"......5727 Saint-Cergue",11,20,25
"......5728 Signy-Avenex",14,22,14
"......5729 Tannay",15,12,5
"......5730 Trélex",27,29,33
"......5731 Le Vaud",25,21,22
"......5732 Vich",18,12,11
"......5741 L'Abergement",14,17,8
"......5742 Agiez",29,24,20
"......5743 Arnex-sur-Orbe",77,57,42
"......5744 Ballaigues",41,28,28
"......5745 Baulmes",54,54,31
"......5746 Bavois",59,51,46
"......5747 Bofflens",22,20,14
"......5748 Bretonnières",24,23,14
"......5749 Chavornay",89,63,52
"......5750 Les Clées",10,10,8
"......5751 Corcelles-sur-Chavornay",36,25,18
"......5752 Croy",11,12,10
"......5754 Juriens",26,27,15
"......5755 Lignerolle",42,27,25
"......5756 Montcherand",31,29,17
"......5757 Orbe",60,55,50
"......5758 La Praz",12,15,15
"......5759 Premier",22,16,14
"......5760 Rances",35,32,29
"......5761 Romainmôtier-Envy",14,8,9
"......5762 Sergey",9,9,9
"......5763 Valeyres-sous-Rances",36,37,32
"......5764 Vallorbe",65,32,46
"......5765 Vaulion",32,23,27
"......5766 Vuiteboeuf",26,23,27
"......5781 Bussigny-sur-Oron",10,6,10
"......5782 Carrouge (VD)",55,33,43
"......5783 Châtillens",19,11,12
"......5784 Chesalles-sur-Oron",20,15,13
"......5785 Corcelles-le-Jorat",75,47,46
"......5786 Les Cullayes",14,13,13
"......5787 Ecoteaux",51,24,25
"......5788 Essertes",19,18,16
"......5789 Ferlens (VD)",21,18,24
"......5790 Maracon",23,27,27
"......5791 Mézières (VD)",39,40,36
"......5792 Montpreveyres",13,5,10
"......5793 Oron-la-Ville",20,29,35
"......5794 Oron-le-Châtel",12,10,9
"......5795 Palézieux",50,44,43
"......5796 Peney-le-Jorat",34,21,18
"......5797 La Rogivue",8,3,5
"......5798 Ropraz",51,37,30
"......5799 Servion",22,20,23
"......5800 Les Tavernes",31,25,11
"......5801 Les Thioleyres",21,19,15
"......5802 Vuibroye",8,8,3
"......5803 Vulliens",74,52,39
"......5811 Cerniaz (VD)",12,10,5
"......5812 Champtauroz",26,22,11
"......5813 Chevroux",41,53,29
"......5814 Combremont-le-Grand",56,59,41
"......5815 Combremont-le-Petit",39,37,31
"......5816 Corcelles-près-Payerne",119,114,78
"......5817 Grandcour",109,97,63
"......5818 Granges-près-Marnand",69,62,43
"......5819 Henniez",23,9,16
"......5820 Marnand",22,13,16
"......5821 Missy",71,56,46
"......5822 Payerne",182,162,178
"......5823 Rossens (VD)",18,8,6
"......5824 Sassel",29,18,20
"......5825 Sédeilles",21,16,12
"......5826 Seigneux",33,22,17
"......5827 Trey",46,34,31
"......5828 Treytorrens (Payerne)",36,23,15
"......5829 Villars-Bramard",22,23,14
"......5830 Villarzel",42,39,24
"......5841 Château-d'Oex",339,246,177
"......5842 Rossinière",55,36,24
"......5843 Rougemont",112,70,62
"......5851 Allaman",31,32,33
"......5852 Bursinel",26,14,22
"......5853 Bursins",31,30,27
"......5854 Burtigny",36,36,26
"......5855 Dully",9,12,12
"......5856 Essertines-sur-Rolle",66,37,34
"......5857 Gilly",75,73,51
"......5858 Luins",39,30,20
"......5859 Mont-sur-Rolle",82,82,84
"......5860 Perroy",59,38,39
"......5861 Rolle",43,49,68
"......5862 Tartegnin",23,33,27
"......5863 Vinzel",14,18,22
"......5871 L'Abbaye",26,20,16
"......5872 Le Chenit",97,77,87
"......5873 Le Lieu",42,34,29
"......5881 Blonay",85,42,67
"......5882 Chardonne",102,87,66
"......5883 Corseaux",33,27,24
"......5884 Corsier-sur-Vevey",43,46,33
"......5885 Jongny",21,17,20
"......5886 Montreux",186,130,152
"......5888 Saint-Légier-La Chiésaz",61,39,54
"......5889 La Tour-de-Peilz",107,67,69
"......5890 Vevey",122,80,103
"......5891 Veytaux",4,5,6
"......5901 Arrissoules",14,8,2
"......5902 Belmont-sur-Yverdon",55,45,22
"......5903 Bioley-Magnoux",31,20,14
"......5904 Chamblon",12,14,12
"......5905 Champvent",40,38,25
"......5906 Chanéaz",11,7,5
"......5907 Chavannes-le-Chêne",50,31,21
"......5908 Chêne-Pâquier",22,17,6
"......5909 Cheseaux-Noréaz",20,31,15
"......5910 Cronay",66,31,19
"......5911 Cuarny",28,26,13
"......5912 Démoret",37,34,25
"......5913 Donneloye",19,12,15
"......5914 Ependes (VD)",45,29,18
"......5915 Essert-Pittet",15,9,8
"......5916 Essert-sous-Champvent",17,7,21
"......5917 Gossens",17,6,10
"......5918 Gressy",25,17,12
"......5919 Mathod",42,55,37
"......5920 Mézery-près-Donneloye",16,11,5
"......5921 Molondin",42,40,31
"......5922 Montagny-près-Yverdon",30,29,29
"......5923 Oppens",26,23,30
"......5924 Orges",31,24,16
"......5925 Orzens",33,39,9
"......5926 Pomy",63,44,40
"......5927 Prahins",20,23,16
"......5928 Rovray",23,21,14
"......5929 Suchy",43,32,25
"......5930 Suscévaz",37,26,22
"......5931 Treycovagnes",16,13,11
"......5932 Ursins",29,18,17
"......5933 Valeyres-sous-Montagny",18,17,15
"......5934 Valeyres-sous-Ursins",31,33,18
"......5935 Villars-Epeney",13,11,4
"......5936 Villars-sous-Champvent",11,6,5
"......5937 Vugelles-La Mothe",11,8,7
"......5938 Yverdon-les-Bains",149,126,213
"......5939 Yvonand",63,67,43
"......6001 Birgisch",14,7,4
"......6002 Brig-Glis",47,44,80
"......6004 Eggerberg",2,1,4
"......6006 Mund",45,5,9
"......6007 Naters",29,29,47
"......6008 Ried-Brig",47,27,29
"......6009 Simplon",41,33,27
"......6010 Termen",20,11,8
"......6011 Zwischbergen",2,1,3
"......6021 Ardon",102,46,59
"......6022 Chamoson",375,134,137
"......6023 Conthey",502,180,143
"......6024 Nendaz",206,61,133
"......6025 Vétroz",180,78,99
"......6031 Bagnes",313,77,107
"......6032 Bourg-Saint-Pierre",3,3,3
"......6033 Liddes",72,25,26
"......6034 Orsières",177,52,79
"......6035 Sembrancher",34,14,17
"......6036 Vollèges",120,38,40
"......6051 Ausserbinn",5,1,4
"......6052 Bellwald",12,8,10
"......6054 Binn",18,9,7
"......6055 Blitzingen",16,3,2
"......6056 Ernen",32,15,10
"......6057 Fiesch",11,9,11
"......6058 Fieschertal",21,7,8
"......6059 Geschinen",20,13,6
"......6060 Gluringen",25,10,5
"......6061 Lax",18,10,14
"......6062 Mühlebach",5,1,2
"......6063 Münster (VS)",29,10,11
"......6064 Niederwald",6,0,1
"......6065 Obergesteln",30,12,9
"......6066 Oberwald",18,7,6
"......6067 Reckingen (VS)",44,14,10
"......6070 Steinhaus",4,3,4
"......6071 Ulrichen",14,16,14
"......6073 Grafschaft",32,15,11
"......6081 Les Agettes",24,2,6
"......6082 Ayent",119,36,62
"......6083 Evolène",160,78,75
"......6084 Hérémence",15,10,9
"......6085 Mase",11,1,2
"......6086 Nax",31,11,4
"......6087 Saint-Martin (VS)",30,16,16
"......6088 Vernamiège",21,2,4
"......6089 Vex",57,10,19
"......6101 Agarn",22,5,17
"......6102 Albinen",25,3,5
"......6103 Bratsch",25,3,12
"......6104 Ergisch",21,18,7
"......6105 Erschmatt",8,3,4
"......6107 Gampel",34,5,14
"......6109 Inden",5,1,4
"......6110 Leuk",65,35,74
"......6111 Leukerbad",16,12,21
"......6112 Oberems",21,3,5
"......6113 Salgesch",89,35,81
"......6114 Turtmann",33,11,16
"......6115 Unterems",7,6,4
"......6116 Varen",71,20,30
"......6117 Guttet-Feschel",32,5,6
"......6131 Bovernier",28,2,6
"......6132 Charrat",145,77,41
"......6133 Fully",868,383,322
"......6134 Isérables",139,19,19
"......6135 Leytron",393,130,145
"......6136 Martigny",166,93,137
"......6137 Martigny-Combe",98,22,31
"......6139 Riddes",140,68,81
"......6140 Saillon",211,121,104
"......6141 Saxon",288,188,151
"......6142 Trient",8,2,3
"......6151 Champéry",44,39,26
"......6152 Collombey-Muraz",61,56,66
"......6153 Monthey",76,62,97
"......6154 Port-Valais",33,22,31
"......6155 Saint-Gingolph",11,3,4
"......6156 Troistorrents",128,62,65
"......6157 Val-d'Illiez",135,61,80
"......6158 Vionnaz",25,21,21
"......6159 Vouvry",40,44,48
"......6171 Betten",30,19,9
"......6172 Bister",7,4,3
"......6173 Bitsch",18,9,11
"......6174 Filet",5,1,2
"......6175 Goppisberg",6,2,4
"......6176 Greich",11,4,3
"......6177 Grengiols",55,49,20
"......6178 Martisberg",7,4,2
"......6179 Mörel",8,0,6
"......6180 Ried-Mörel",9,10,17
"......6191 Ausserberg",31,10,8
"......6192 Blatten",68,10,13
"......6193 Bürchen",40,3,6
"......6194 Eischoll",17,3,10
"......6195 Ferden",23,10,8
"......6196 Hohtenn",3,4,1
"......6197 Kippel",14,3,7
"......6198 Niedergesteln",11,5,5
"......6199 Raron",27,12,35
"......6200 Steg",4,5,14
"......6201 Unterbäch",3,2,5
"......6202 Wiler (Lötschen)",15,3,16
"......6211 Collonges",8,9,18
"......6212 Dorénaz",20,9,11
"......6213 Evionnaz",11,5,9
"......6214 Finhaut",7,1,5
"......6215 Massongex",27,25,27
"......6216 Mex (VS)",2,2,2
"......6217 Saint-Maurice",17,19,79
"......6218 Salvan",11,5,23
"......6219 Vernayaz",15,17,23
"......6220 Vérossaz",32,15,8
"......6231 Ayer",12,3,20
"......6232 Chalais",83,32,48
"......6233 Chandolin",7,0,2
"......6234 Chermignon",160,60,68
"......6235 Chippis",27,27,35
"......6237 Grimentz",18,7,6
"......6238 Grône",44,17,32
"......6239 Icogne",7,3,9
"......6240 Lens",122,47,78
"......6241 Miège",64,46,35
"......6242 Mollens (VS)",13,5,14
"......6243 Montana",76,32,43
"......6244 Randogne",39,21,27
"......6245 Saint-Jean",13,3,2
"......6246 Saint-Léonard",60,28,33
"......6247 Saint-Luc",20,7,6
"......6248 Sierre",181,102,171
"......6249 Venthône",49,15,35
"......6250 Veyras",29,10,22
"......6251 Vissoie",6,1,5
"......6261 Arbaz",50,19,18
"......6263 Grimisuat",81,38,56
"......6264 Salins",56,9,16
"......6265 Savièse",478,109,133
"......6266 Sion",291,131,316
"......6267 Veysonnaz",67,4,3
"......6281 Baltschieder",10,2,4
"......6282 Eisten",8,1,3
"......6283 Embd",72,5,10
"......6285 Grächen",16,1,14
"......6286 Lalden",21,2,4
"......6287 Randa",28,0,5
"......6288 Saas Almagell",8,1,3
"......6289 Saas Balen",48,0,1
"......6290 Saas Fee",13,0,3
"......6291 Saas Grund",19,3,15
"......6292 St. Niklaus",79,16,30
"......6293 Stalden (VS)",19,5,9
"......6294 Staldenried",32,1,12
"......6295 Täsch",20,2,1
"......6296 Törbel",74,7,22
"......6297 Visp",37,53,47
"......6298 Visperterminen",112,11,12
"......6299 Zeneggen",20,9,2
"......6300 Zermatt",15,13,31
"......6401 Auvernier",41,17,15
"......6402 Bevaix",84,96,75
"......6403 Bôle",17,21,24
"......6404 Boudry",79,103,103
"......6405 Brot-Dessous",6,9,3
"......6406 Colombier (NE)",43,43,44
"......6407 Corcelles-Cormondrèche",43,36,40
"......6408 Cortaillod",49,71,57
"......6409 Fresens",25,15,19
"......6410 Gorgier",55,57,46
"......6411 Montalchez",21,29,24
"......6412 Peseux",19,14,40
"......6413 Rochefort",34,28,34
"......6414 Saint-Aubin-Sauges",36,48,40
"......6415 Vaumarcus",18,21,13
"......6421 La Chaux-de-Fonds",424,275,304
"......6422 Les Planchettes",37,28,16
"......6423 La Sagne",137,95,81
"......6431 Les Brenets",50,36,28
"......6432 La Brévine",173,92,101
"......6433 Brot-Plamboz",83,66,58
"......6434 Le Cerneux-Péquignot",46,33,34
"......6435 La Chaux-du-Milieu",70,53,46
"......6436 Le Locle",121,83,86
"......6437 Les Ponts-de-Martel",93,64,71
"......6451 Cornaux",29,21,31
"......6452 Cressier (NE)",41,25,45
"......6453 Enges",36,27,22
"......6454 Hauterive",20,8,23
"......6455 Le Landeron",87,51,63
"......6456 Lignières",41,47,41
"......6457 Marin-Epagnier",31,12,42
"......6458 Neuchâtel",144,88,212
"......6459 Saint-Blaise",48,29,31
"......6460 Thielle-Wavre",24,17,17
"......6471 Boudevilliers",58,48,39
"......6472 Cernier",40,50,32
"......6473 Chézard-Saint-Martin",79,54,58
"......6474 Coffrane",35,21,18
"......6475 Dombresson",73,56,54
"......6476 Engollon",10,11,7
"......6477 Fenin-Vilars-Saules",30,27,28
"......6478 Fontainemelon",9,5,16
"......6479 Fontaines (NE)",31,30,27
"......6480 Les Geneveys-sur-Coffrane",22,24,19
"......6481 Les Hauts-Geneveys",9,11,29
"......6482 Montmollin",15,18,12
"......6483 Le Pâquier (NE)",43,41,28
"......6484 Savagnier",55,35,33
"......6485 Valangin",13,17,19
"......6486 Villiers",26,25,20
"......6501 Les Bayards",55,39,28
"......6502 Boveresse",38,25,32
"......6503 Buttes",46,28,27
"......6504 La Côte-aux-Fées",50,48,35
"......6505 Couvet",61,59,36
"......6506 Fleurier",40,17,29
"......6507 Môtiers (NE)",28,24,16
"......6508 Noiraigue",34,15,9
"......6509 Saint-Sulpice (NE)",46,35,31
"......6510 Travers",128,86,62
"......6511 Les Verrières",77,52,41
"......6601 Aire-la-Ville",11,7,8
"......6602 Anières",30,22,26
"......6603 Avully",25,14,26
"......6604 Avusy",29,25,18
"......6605 Bardonnex",78,84,61
"......6606 Bellevue",15,9,10
"......6607 Bernex",120,79,119
"......6608 Carouge (GE)",55,22,76
"......6609 Cartigny",21,20,18
"......6610 Céligny",21,23,14
"......6611 Chancy",16,9,13
"......6612 Chêne-Bougeries",34,27,30
"......6613 Chêne-Bourg",35,22,57
"......6614 Choulex",26,34,14
"......6615 Collex-Bossy",31,31,31
"......6616 Collonge-Bellerive",83,42,53
"......6617 Cologny",13,4,10
"......6618 Confignon",42,25,34
"......6619 Corsier (GE)",31,27,15
"......6620 Dardagny",56,57,55
"......6621 Genève",333,249,431
"......6622 Genthod",25,20,18
"......6623 Le Grand-Saconnex",30,9,28
"......6624 Gy",24,17,14
"......6625 Hermance",13,7,9
"......6626 Jussy",69,50,42
"......6627 Laconnex",24,20,16
"......6628 Lancy",70,41,104
"......6629 Meinier",62,56,36
"......6630 Meyrin",104,78,118
"......6631 Onex",60,21,84
"......6632 Perly-Certoux",40,56,50
"......6633 Plan-les-Ouates",122,63,49
"......6634 Pregny-Chambésy",27,8,6
"......6635 Presinge",22,9,12
"......6636 Puplinge",41,31,37
"......6637 Russin",18,23,22
"......6638 Satigny",158,167,102
"......6639 Soral",31,20,26
"......6640 Thônex",67,30,78
"......6641 Troinex",64,34,29
"......6642 Vandoeuvres",27,16,15
"......6643 Vernier",94,53,100
"......6644 Versoix",65,40,58
"......6645 Veyrier",36,38,46
"......6701 Bassecourt",43,24,42
"......6702 Boécourt",49,35,28
"......6703 Bourrignon",68,39,37
"......6704 Châtillon (JU)",26,17,13
"......6705 Corban",35,25,17
"......6706 Courchapoix",26,22,17
"......6707 Courfaivre",36,29,32
"......6708 Courrendlin",49,34,32
"......6709 Courroux",101,66,55
"......6710 Courtételle",50,40,37
"......6711 Delémont",80,50,71
"......6712 Develier",73,35,29
"......6713 Ederswiler",29,18,16
"......6714 Glovelier",43,26,37
"......6715 Mervelier",26,22,16
"......6716 Mettembert",7,7,6
"......6717 Montsevelier",28,24,27
"......6718 Movelier",22,18,19
"......6719 Pleigne",70,38,29
"......6720 Rebeuvelier",12,12,16
"......6721 Rossemaison",20,11,14
"......6722 Saulcy",40,17,18
"......6723 Soulce",29,17,17
"......6724 Soyhières",17,7,10
"......6725 Undervelier",44,38,24
"......6726 Vermes",46,39,38
"......6727 Vicques",43,31,32
"......6728 Vellerat",0,3,3
"......6741 Le Bémont (JU)",54,48,39
"......6742 Les Bois",103,93,71
"......6743 Les Breuleux",51,44,44
"......6744 La Chaux-des-Breuleux",12,9,12
"......6745 Les Enfers",26,18,20
"......6746 Epauvillers",40,18,21
"......6747 Epiquerez",35,25,24
"......6748 Les Genevez (JU)",35,31,23
"......6749 Goumois",23,15,17
"......6750 Lajoux (JU)",59,37,39
"......6751 Montfaucon",48,50,40
"......6752 Montfavergier",12,10,8
"......6753 Muriaux",66,50,51
"......6754 Le Noirmont",63,49,33
"......6755 Le Peuchapatte",12,5,6
"......6756 Les Pommerats",28,14,19
"......6757 Saignelégier",50,48,41
"......6758 Saint-Brais",70,36,30
"......6759 Soubey",46,29,31
"......6771 Alle",47,42,37
"......6772 Asuel",24,23,14
"......6773 Beurnevésin",28,15,21
"......6774 Boncourt",39,35,27
"......6775 Bonfol",47,35,35
"......6776 Bressaucourt",16,14,17
"......6777 Buix",31,23,30
"......6778 Bure",36,24,29
"......6779 Charmoille",49,21,26
"......6780 Chevenez",48,41,39
"......6781 Coeuve",57,38,34
"......6782 Cornol",31,21,19
"......6783 Courchavon",24,12,12
"......6784 Courgenay",88,47,55
"......6785 Courtedoux",36,18,15
"......6786 Courtemaîche",25,20,18
"......6787 Damphreux",27,16,13
"......6788 Damvant",22,15,11
"......6789 Fahy",42,22,21
"......6790 Fontenais",55,31,36
"......6791 Fregiécourt",26,8,11
"......6792 Grandfontaine",28,21,25
"......6793 Lugnez",30,23,21
"......6794 Miécourt",40,26,26
"......6795 Montenol",12,6,9
"......6796 Montignez",36,31,24
"......6797 Montmelon",34,18,25
"......6798 Ocourt",26,27,26
"......6799 Pleujouse",10,5,5
"......6800 Porrentruy",57,39,54
"......6801 Réclère",23,14,14
"......6802 Roche-d'Or",20,13,11
"......6803 Rocourt",13,14,17
"......6804 Saint-Ursanne",18,10,18
"......6805 Seleute",22,15,13
"......6806 Vendlincourt",40,27,18
