"Statistique de la superficie: Nomenclature standard (NOAS04) par district et commune, en hectares"

"District (>>) / Commune (......)","1979/85","1992/97","2004/09"
"1 ......Aeugst am Albis",787,787,787
"2 ......Affoltern am Albis",1060,1060,1060
"3 ......Bonstetten",745,745,745
"4 ......Hausen am Albis",1368,1368,1368
"5 ......Hedingen",653,653,653
"6 ......Kappel am Albis",783,783,783
"7 ......Knonau",651,651,651
"8 ......Maschwanden",468,468,468
"9 ......Mettmenstetten",1305,1305,1305
"10 ......Obfelden",755,755,755
"11 ......Ottenbach",498,498,498
"12 ......Rifferswil",657,657,657
"13 ......Stallikon",1201,1201,1201
"14 ......Wettswil am Albis",377,377,377
"21 ......Adlikon",664,664,664
"22 ......Benken (ZH)",567,567,567
"23 ......Berg am Irchel",706,706,706
"24 ......Buch am Irchel",1012,1012,1012
"25 ......Dachsen",269,269,269
"26 ......Dorf",554,554,554
"27 ......Feuerthalen",250,250,250
"28 ......Flaach",1020,1020,1020
"29 ......Flurlingen",240,240,240
"30 ......Andelfingen",669,669,669
"31 ......Henggart",306,306,306
"32 ......Humlikon",368,368,368
"33 ......Kleinandelfingen",1029,1029,1029
"34 ......Laufen-Uhwiesen",625,625,625
"35 ......Marthalen",1415,1415,1415
"36 ......Oberstammheim",938,938,938
"37 ......Ossingen",1311,1311,1311
"38 ......Rheinau",893,893,893
"39 ......Thalheim an der Thur",644,644,644
"40 ......Trüllikon",956,956,956
"41 ......Truttikon",443,443,443
"42 ......Unterstammheim",727,727,727
"43 ......Volken",327,327,327
"44 ......Waltalingen",728,728,728
"51 ......Bachenbülach",429,429,429
"52 ......Bassersdorf",899,899,899
"53 ......Bülach",1610,1610,1610
"54 ......Dietlikon",422,422,422
"55 ......Eglisau",908,908,908
"56 ......Embrach",1274,1274,1274
"57 ......Freienstein-Teufen",833,833,833
"58 ......Glattfelden",1231,1231,1231
"59 ......Hochfelden",615,615,615
"60 ......Höri",477,477,477
"61 ......Hüntwangen",493,493,493
"62 ......Kloten",1930,1930,1930
"63 ......Lufingen",519,519,519
"64 ......Nürensdorf",1009,1009,1009
"65 ......Oberembrach",1018,1018,1018
"66 ......Opfikon",561,561,561
"67 ......Rafz",1072,1072,1072
"68 ......Rorbas",446,446,446
"69 ......Wallisellen",646,646,646
"70 ......Wasterkingen",394,394,394
"71 ......Wil (ZH)",897,897,897
"72 ......Winkel",810,810,810
"81 ......Bachs",915,915,915
"82 ......Boppelsen",392,392,392
"83 ......Buchs (ZH)",588,588,588
"84 ......Dällikon",448,448,448
"85 ......Dänikon",280,280,280
"86 ......Dielsdorf",587,587,587
"87 ......Hüttikon",160,160,160
"88 ......Neerach",600,600,600
"89 ......Niederglatt",360,360,360
"90 ......Niederhasli",1131,1131,1131
"91 ......Niederweningen",688,688,688
"92 ......Oberglatt",823,823,823
"93 ......Oberweningen",488,488,488
"94 ......Otelfingen",721,721,721
"95 ......Regensberg",238,238,238
"96 ......Regensdorf",1463,1463,1463
"97 ......Rümlang",1246,1246,1246
"98 ......Schleinikon",565,565,565
"99 ......Schöfflisdorf",399,399,399
"100 ......Stadel",1289,1289,1289
"101 ......Steinmaur",947,947,947
"102 ......Weiach",958,958,958
"111 ......Bäretswil",2219,2219,2219
"112 ......Bubikon",1164,1164,1164
"113 ......Dürnten",1021,1021,1021
"114 ......Fischenthal",3016,3016,3016
"115 ......Gossau (ZH)",1828,1828,1828
"116 ......Grüningen",880,880,880
"117 ......Hinwil",2231,2231,2231
"118 ......Rüti (ZH)",1008,1008,1008
"119 ......Seegräben",377,377,377
"120 ......Wald (ZH)",2524,2524,2524
"121 ......Wetzikon (ZH)",1671,1671,1671
"131 ......Adliswil",780,780,780
"132 ......Hirzel",970,970,970
"133 ......Horgen",2113,2113,2113
"134 ......Hütten",724,724,724
"135 ......Kilchberg (ZH)",260,260,260
"136 ......Langnau am Albis",865,865,865
"137 ......Oberrieden",277,277,277
"138 ......Richterswil",755,755,755
"139 ......Rüschlikon",292,292,292
"140 ......Schönenberg (ZH)",1102,1102,1102
"141 ......Thalwil",551,551,551
"142 ......Wädenswil",1735,1735,1735
"151 ......Erlenbach (ZH)",296,296,296
"152 ......Herrliberg",896,896,896
"153 ......Hombrechtikon",1216,1216,1216
"154 ......Küsnacht (ZH)",1233,1233,1233
"155 ......Männedorf",475,475,475
"156 ......Meilen",1191,1191,1191
"157 ......Oetwil am See",607,607,607
"158 ......Stäfa",861,861,861
"159 ......Uetikon am See",351,351,351
"160 ......Zumikon",548,548,548
"161 ......Zollikon",786,786,786
"171 ......Bauma",2083,2083,2083
"172 ......Fehraltorf",950,950,950
"173 ......Hittnau",1301,1301,1301
"174 ......Illnau-Effretikon",2530,2530,2530
"175 ......Kyburg",761,761,761
"176 ......Lindau",1193,1193,1193
"177 ......Pfäffikon",1949,1949,1949
"178 ......Russikon",1428,1428,1428
"179 ......Sternenberg",866,866,866
"180 ......Weisslingen",1275,1275,1275
"181 ......Wila",923,923,923
"182 ......Wildberg",1056,1056,1056
"191 ......Dübendorf",1361,1361,1361
"192 ......Egg",1450,1450,1450
"193 ......Fällanden",641,641,641
"194 ......Greifensee",233,233,233
"195 ......Maur",1479,1479,1479
"196 ......Mönchaltorf",763,763,763
"197 ......Schwerzenbach",266,266,266
"198 ......Uster",2854,2854,2854
"199 ......Volketswil",1401,1401,1401
"200 ......Wangen-Brüttisellen",791,791,791
"211 ......Altikon",768,768,768
"212 ......Bertschikon",963,963,963
"213 ......Brütten",665,665,665
"214 ......Dägerlen",797,797,797
"215 ......Dättlikon",290,290,290
"216 ......Dinhard",708,708,708
"217 ......Elgg",1556,1556,1556
"218 ......Ellikon an der Thur",500,500,500
"219 ......Elsau",804,804,804
"220 ......Hagenbuch",816,816,816
"221 ......Hettlingen",579,579,579
"222 ......Hofstetten (ZH)",885,885,885
"223 ......Neftenbach",1509,1509,1509
"224 ......Pfungen",496,496,496
"225 ......Rickenbach (ZH)",606,606,606
"226 ......Schlatt (ZH)",906,906,906
"227 ......Seuzach",760,760,760
"228 ......Turbenthal",2524,2524,2524
"229 ......Wiesendangen",949,949,949
"230 ......Winterthur",6812,6812,6812
"231 ......Zell (ZH)",1298,1298,1298
"241 ......Aesch (ZH)",520,520,520
"242 ......Birmensdorf (ZH)",1143,1143,1143
"243 ......Dietikon",928,928,928
"244 ......Geroldswil",190,190,190
"245 ......Oberengstringen",214,214,214
"246 ......Oetwil an der Limmat",277,277,277
"247 ......Schlieren",654,654,654
"248 ......Uitikon",438,438,438
"249 ......Unterengstringen",337,337,337
"250 ......Urdorf",757,757,757
"251 ......Weiningen (ZH)",540,540,540
"261 ......Zürich",8790,8790,8790
"431 ......Corgémont",1757,1757,1757
"432 ......Cormoret",1351,1351,1351
"433 ......Cortébert",1482,1482,1482
"434 ......Courtelary",2209,2209,2209
"435 ......La Ferrière",1418,1418,1418
"436 ......La Heutte",806,806,806
"437 ......Mont-Tramelan",467,467,467
"438 ......Orvin",2164,2164,2164
"439 ......Péry",1571,1571,1571
"440 ......Plagne",750,750,750
"441 ......Renan (BE)",1261,1261,1261
"442 ......Romont (BE)",700,700,700
"443 ......Saint-Imier",2085,2085,2085
"444 ......Sonceboz-Sombeval",1499,1499,1499
"445 ......Sonvilier",2377,2377,2377
"446 ......Tramelan",2485,2485,2485
"447 ......Vauffelin",597,597,597
"448 ......Villeret",1626,1626,1626
"681 ......Belprahon",384,384,384
"682 ......Bévilard",578,578,578
"683 ......Champoz",719,719,719
"684 ......Châtelat",416,416,416
"687 ......Corcelles (BE)",678,678,678
"690 ......Court",2458,2458,2458
"691 ......Crémines",951,951,951
"692 ......Eschert",660,660,660
"694 ......Grandval",819,819,819
"696 ......Loveresse",478,478,478
"697 ......Malleray",1020,1020,1020
"699 ......Monible",335,335,335
"700 ......Moutier",1962,1962,1962
"701 ......Perrefitte",861,861,861
"702 ......Pontenet",270,270,270
"703 ......Reconvilier",822,822,822
"704 ......Roches (BE)",905,905,905
"706 ......Saicourt",1380,1380,1380
"707 ......Saules (BE)",426,426,426
"708 ......Schelten",554,554,554
"709 ......Seehof",840,840,840
"710 ......Sornetan",566,566,566
"711 ......Sorvilier",684,684,684
"712 ......Souboz",1059,1059,1059
"713 ......Tavannes",1480,1480,1480
"715 ......Rebévelier",355,355,355
"721 ......Diesse",945,945,945
"722 ......Lamboing",910,910,910
"723 ......La Neuveville",681,681,681
"724 ......Nods",2663,2663,2663
"725 ......Prêles",701,701,701
"371 ......Biel/Bienne",2125,2125,2125
"372 ......Evilard",364,364,364
"387 ......Lengnau (BE)",732,732,732
"390 ......Meinisberg",445,445,445
"392 ......Pieterlen",830,830,830
"731 ......Aegerten",216,216,216
"732 ......Bellmund",381,381,381
"733 ......Brügg",501,501,501
"739 ......Ipsach",190,190,190
"740 ......Ligerz",178,178,178
"742 ......Mörigen",216,216,216
"743 ......Nidau",152,152,152
"744 ......Orpund",395,395,395
"745 ......Port",243,243,243
"746 ......Safnern",563,563,563
"747 ......Scheuren",210,210,210
"748 ......Schwadernau",412,412,412
"750 ......Sutz-Lattrigen",361,361,361
"756 ......Twann-Tüscherz",1241,1241,1241
"301 ......Aarberg",792,792,792
"302 ......Bargen (BE)",789,789,789
"303 ......Grossaffoltern",1510,1510,1510
"304 ......Kallnach",1517,1517,1517
"305 ......Kappelen",1088,1088,1088
"306 ......Lyss",1485,1485,1485
"309 ......Radelfingen",1472,1472,1472
"310 ......Rapperswil (BE)",2038,2038,2038
"311 ......Schüpfen",1980,1980,1980
"312 ......Seedorf (BE)",2094,2094,2094
"381 ......Arch",641,641,641
"382 ......Büetigen",362,362,362
"383 ......Büren an der Aare",1263,1263,1263
"385 ......Diessbach bei Büren",628,628,628
"386 ......Dotzigen",422,422,422
"388 ......Leuzigen",1029,1029,1029
"389 ......Meienried",67,67,67
"391 ......Oberwil bei Büren",673,673,673
"393 ......Rüti bei Büren",650,650,650
"394 ......Wengi",706,706,706
"491 ......Brüttelen",661,661,661
"492 ......Erlach",345,345,345
"493 ......Finsterhennen",357,357,357
"494 ......Gals",791,791,791
"495 ......Gampelen",1080,1080,1080
"496 ......Ins",2390,2390,2390
"497 ......Lüscherz",543,543,543
"498 ......Müntschemier",488,488,488
"499 ......Siselen",553,553,553
"500 ......Treiten",474,474,474
"501 ......Tschugg",332,332,332
"502 ......Vinelz",463,463,463
"532 ......Bangerten",220,220,220
"734 ......Bühl",298,298,298
"735 ......Epsach",341,341,341
"736 ......Hagneck",181,181,181
"737 ......Hermrigen",345,345,345
"738 ......Jens",460,460,460
"741 ......Merzligen",226,226,226
"749 ......Studen (BE)",270,270,270
"751 ......Täuffelen",440,440,440
"754 ......Walperswil",699,699,699
"755 ......Worben",279,279,279
"321 ......Aarwangen",987,987,987
"322 ......Auswil",460,460,460
"323 ......Bannwil",475,475,475
"324 ......Bleienbach",569,569,569
"325 ......Busswil bei Melchnau",284,284,284
"326 ......Gondiswil",936,936,936
"329 ......Langenthal",1727,1727,1727
"331 ......Lotzwil",623,623,623
"332 ......Madiswil",2316,2316,2316
"333 ......Melchnau",1037,1037,1037
"334 ......Obersteckholz",391,391,391
"335 ......Oeschenbach",390,390,390
"336 ......Reisiswil",197,197,197
"337 ......Roggwil (BE)",782,782,782
"338 ......Rohrbach",406,406,406
"339 ......Rohrbachgraben",648,648,648
"340 ......Rütschelen",399,399,399
"341 ......Schwarzhäusern",375,375,375
"342 ......Thunstetten",968,968,968
"344 ......Ursenbach",913,913,913
"345 ......Wynau",512,512,512
"953 ......Eriswil",1133,1133,1133
"954 ......Huttwil",1728,1728,1728
"959 ......Walterswil (BE)",794,794,794
"960 ......Wyssachen",1176,1176,1176
"971 ......Attiswil",764,764,764
"972 ......Berken",140,140,140
"973 ......Bettenhausen",396,396,396
"975 ......Farnern",365,365,365
"976 ......Graben",317,317,317
"977 ......Heimenhausen",583,583,583
"978 ......Hermiswil",105,105,105
"979 ......Herzogenbuchsee",982,982,982
"980 ......Inkwil",338,338,338
"981 ......Niederbipp",1745,1745,1745
"982 ......Niederönz",278,278,278
"983 ......Oberbipp",849,849,849
"985 ......Ochlenberg",1208,1208,1208
"987 ......Rumisberg",516,516,516
"988 ......Seeberg",1578,1578,1578
"989 ......Thörigen",454,454,454
"990 ......Walliswil bei Niederbipp",144,144,144
"991 ......Walliswil bei Wangen",307,307,307
"992 ......Wangen an der Aare",521,521,521
"993 ......Wangenried",290,290,290
"995 ......Wiedlisbach",755,755,755
"996 ......Wolfisberg",243,243,243
"401 ......Aefligen",205,205,205
"402 ......Alchenstorf",662,662,662
"404 ......Burgdorf",1557,1557,1557
"405 ......Ersigen",874,874,874
"406 ......Hasle bei Burgdorf",2187,2187,2187
"407 ......Heimiswil",2337,2337,2337
"408 ......Hellsau",151,151,151
"409 ......Hindelbank",672,672,672
"410 ......Höchstetten",260,260,260
"411 ......Kernenried",332,332,332
"412 ......Kirchberg (BE)",905,905,905
"413 ......Koppigen",692,692,692
"414 ......Krauchthal",1936,1936,1936
"415 ......Lyssach",606,606,606
"416 ......Mötschwil",292,292,292
"417 ......Niederösch",462,462,462
"418 ......Oberburg",1415,1415,1415
"419 ......Oberösch",212,212,212
"420 ......Rüdtligen-Alchenflüh",270,270,270
"421 ......Rumendingen",248,248,248
"422 ......Rüti bei Lyssach",132,132,132
"423 ......Willadingen",219,219,219
"424 ......Wynigen",2824,2824,2824
"533 ......Bätterkinden",1011,1011,1011
"552 ......Utzenstorf",1696,1696,1696
"554 ......Wiler bei Utzenstorf",380,380,380
"556 ......Zielebach",191,191,191
"901 ......Eggiwil",6025,6025,6025
"902 ......Langnau im Emmental",4847,4847,4847
"903 ......Lauperswil",2114,2114,2114
"904 ......Röthenbach im Emmental",3681,3681,3681
"905 ......Rüderswil",1718,1718,1718
"906 ......Schangnau",3653,3653,3653
"907 ......Signau",2212,2212,2212
"908 ......Trub",6197,6197,6197
"909 ......Trubschachen",1561,1561,1561
"951 ......Affoltern im Emmental",1147,1147,1147
"952 ......Dürrenroth",1404,1404,1404
"955 ......Lützelflüh",2690,2690,2690
"956 ......Rüegsau",1505,1505,1505
"957 ......Sumiswald",5938,5938,5938
"958 ......Trachselwald",1597,1597,1597
"307 ......Meikirch",1026,1026,1026
"351 ......Bern",5159,5159,5159
"352 ......Bolligen",1656,1656,1656
"353 ......Bremgarten bei Bern",188,188,188
"354 ......Kirchlindach",1192,1192,1192
"355 ......Köniz",5108,5108,5108
"356 ......Muri bei Bern",765,765,765
"357 ......Oberbalm",1235,1235,1235
"358 ......Stettlen",355,355,355
"359 ......Vechigen",2481,2481,2481
"360 ......Wohlen bei Bern",3622,3622,3622
"361 ......Zollikofen",541,541,541
"362 ......Ittigen",421,421,421
"363 ......Ostermundigen",598,598,598
"403 ......Bäriswil",277,277,277
"534 ......Büren zum Hof",345,345,345
"535 ......Deisswil bei Münchenbuchsee",213,213,213
"536 ......Diemerswil",281,281,281
"537 ......Etzelkofen",282,282,282
"538 ......Fraubrunnen",769,769,769
"539 ......Grafenried",475,475,475
"540 ......Jegenstorf",891,891,891
"541 ......Iffwil",503,503,503
"542 ......Limpach",444,444,444
"543 ......Mattstetten",379,379,379
"544 ......Moosseedorf",632,632,632
"545 ......Mülchi",382,382,382
"546 ......Münchenbuchsee",890,890,890
"547 ......Münchringen",239,239,239
"549 ......Schalunen",140,140,140
"550 ......Scheunen",219,219,219
"551 ......Urtenen-Schönbühl",716,716,716
"553 ......Wiggiswil",143,143,143
"555 ......Zauggenried",366,366,366
"557 ......Zuzwil (BE)",348,348,348
"602 ......Arni (BE)",1041,1041,1041
"603 ......Biglen",358,358,358
"604 ......Bleiken bei Oberdiessbach",341,341,341
"605 ......Bowil",1470,1470,1470
"606 ......Brenzikofen",221,221,221
"607 ......Freimettigen",293,293,293
"608 ......Grosshöchstetten",344,344,344
"609 ......Häutligen",304,304,304
"610 ......Herbligen",274,274,274
"611 ......Kiesen",471,471,471
"612 ......Konolfingen",1278,1278,1278
"613 ......Landiswil",1027,1027,1027
"614 ......Linden",1325,1325,1325
"615 ......Mirchel",236,236,236
"616 ......Münsingen",1218,1218,1218
"617 ......Niederhünigen",538,538,538
"619 ......Oberdiessbach",1310,1310,1310
"620 ......Oberthal",1061,1061,1061
"622 ......Oppligen",340,340,340
"623 ......Rubigen",699,699,699
"624 ......Schlosswil",347,347,347
"625 ......Tägertschi",360,360,360
"626 ......Walkringen",1721,1721,1721
"627 ......Worb",2100,2100,2100
"628 ......Zäziwil",544,544,544
"629 ......Oberhünigen",601,601,601
"630 ......Allmendingen",378,378,378
"632 ......Wichtrach",1159,1159,1159
"661 ......Clavaleyres",98,98,98
"662 ......Ferenbalm",923,923,923
"663 ......Frauenkappelen",929,929,929
"664 ......Golaten",278,278,278
"665 ......Gurbrü",183,183,183
"666 ......Kriechenwil",476,476,476
"667 ......Laupen",408,408,408
"668 ......Mühleberg",2629,2629,2629
"669 ......Münchenwiler",247,247,247
"670 ......Neuenegg",2196,2196,2196
"671 ......Wileroltigen",411,411,411
"852 ......Guggisberg",5487,5487,5487
"853 ......Rüschegg",5741,5741,5741
"855 ......Schwarzenburg",4482,4482,4482
"861 ......Belp",2327,2327,2327
"865 ......Gelterfingen",347,347,347
"866 ......Gerzensee",784,784,784
"868 ......Jaberg",128,128,128
"869 ......Kaufdorf",210,210,210
"870 ......Kehrsatz",443,443,443
"872 ......Kirchdorf (BE)",610,610,610
"873 ......Kirchenthurnen",126,126,126
"874 ......Lohnstorf",183,183,183
"875 ......Mühledorf (BE)",229,229,229
"876 ......Mühlethurnen",292,292,292
"877 ......Niedermuhlern",720,720,720
"878 ......Noflen",274,274,274
"879 ......Riggisberg",2993,2993,2993
"880 ......Rüeggisberg",3570,3570,3570
"881 ......Rümligen",465,465,465
"884 ......Toffen",486,486,486
"888 ......Wald (BE)",1328,1328,1328
"764 ......Niederstocken",549,549,549
"765 ......Oberstocken",410,410,410
"767 ......Reutigen",1128,1128,1128
"863 ......Burgistein",750,750,750
"867 ......Gurzelen",451,451,451
"871 ......Kienersrüti",76,76,76
"883 ......Seftigen",390,390,390
"885 ......Uttigen",301,301,301
"886 ......Wattenwil",1447,1447,1447
"921 ......Amsoldingen",469,469,469
"922 ......Blumenstein",1553,1553,1553
"923 ......Buchholterberg",1527,1527,1527
"924 ......Eriz",2178,2178,2178
"925 ......Fahrni",667,667,667
"927 ......Heiligenschwendi",557,557,557
"928 ......Heimberg",536,536,536
"929 ......Hilterfingen",279,279,279
"930 ......Höfen",461,461,461
"931 ......Homberg",648,648,648
"932 ......Horrenbach-Buchen",2040,2040,2040
"934 ......Oberhofen am Thunersee",277,277,277
"935 ......Oberlangenegg",911,911,911
"936 ......Pohlern",994,994,994
"937 ......Schwendibach",151,151,151
"938 ......Sigriswil",5536,5536,5536
"939 ......Steffisburg",1345,1345,1345
"940 ......Teuffenthal (BE)",457,457,457
"941 ......Thierachern",754,754,754
"942 ......Thun",2159,2159,2159
"943 ......Uebeschi",438,438,438
"944 ......Uetendorf",1016,1016,1016
"945 ......Unterlangenegg",681,681,681
"946 ......Wachseldorn",354,354,354
"947 ......Zwieselberg",243,243,243
"948 ......Forst-Längenbühl",452,452,452
"791 ......Boltigen",7696,7696,7696
"792 ......Lenk",12304,12304,12304
"793 ......St. Stephan",6085,6085,6085
"794 ......Zweisimmen",7316,7316,7316
"841 ......Gsteig",6241,6241,6241
"842 ......Lauenen",5874,5874,5874
"843 ......Saanen",11974,11974,11974
"561 ......Adelboden",8823,8823,8823
"562 ......Aeschi bei Spiez",3092,3092,3092
"563 ......Frutigen",7178,7178,7178
"564 ......Kandergrund",3202,3202,3202
"565 ......Kandersteg",13449,13449,13449
"566 ......Krattigen",603,603,603
"567 ......Reichenbach im Kandertal",12575,12575,12575
"761 ......Därstetten",3279,3279,3279
"762 ......Diemtigen",13002,13002,13002
"763 ......Erlenbach im Simmental",3668,3668,3668
"766 ......Oberwil im Simmental",4600,4600,4600
"768 ......Spiez",1676,1676,1676
"769 ......Wimmis",2233,2233,2233
"571 ......Beatenberg",2922,2922,2922
"572 ......Bönigen",1507,1507,1507
"573 ......Brienz (BE)",4802,4802,4802
"574 ......Brienzwiler",1764,1764,1764
"575 ......Därligen",685,685,685
"576 ......Grindelwald",17113,17113,17113
"577 ......Gsteigwiler",703,703,703
"578 ......Gündlischwand",1688,1688,1688
"579 ......Habkern",5108,5108,5108
"580 ......Hofstetten bei Brienz",870,870,870
"581 ......Interlaken",436,436,436
"582 ......Iseltwald",2185,2185,2185
"584 ......Lauterbrunnen",16441,16441,16441
"585 ......Leissigen",1037,1037,1037
"586 ......Lütschental",1239,1239,1239
"587 ......Matten bei Interlaken",597,597,597
"588 ......Niederried bei Interlaken",429,429,429
"589 ......Oberried am Brienzersee",2004,2004,2004
"590 ......Ringgenberg (BE)",873,873,873
"591 ......Saxeten",1916,1916,1916
"592 ......Schwanden bei Brienz",705,705,705
"593 ......Unterseen",1406,1406,1406
"594 ......Wilderswil",1354,1354,1354
"781 ......Gadmen",11656,11656,11656
"782 ......Guttannen",20073,20073,20073
"783 ......Hasliberg",4169,4169,4169
"784 ......Innertkirchen",11999,11999,11999
"785 ......Meiringen",4068,4068,4068
"786 ......Schattenhalb",3148,3148,3148
"1061 ......Luzern",2907,2907,2907
"1051 ......Adligenswil",699,699,699
"1052 ......Buchrain",479,479,479
"1053 ......Dierikon",282,282,282
"1054 ......Ebikon",969,969,969
"1055 ......Gisikon",110,110,110
"1056 ......Greppen",330,330,330
"1057 ......Honau",125,125,125
"1058 ......Horw",1282,1282,1282
"1059 ......Kriens",2734,2734,2734
"1062 ......Malters",2857,2857,2857
"1063 ......Meggen",727,727,727
"1064 ......Meierskappel",675,675,675
"1065 ......Root",864,864,864
"1066 ......Schwarzenberg",3921,3921,3921
"1067 ......Udligenswil",625,625,625
"1068 ......Vitznau",892,892,892
"1069 ......Weggis",1181,1181,1181
"1021 ......Aesch (LU)",466,466,466
"1022 ......Altwis",290,290,290
"1023 ......Ballwil",873,873,873
"1024 ......Emmen",2034,2034,2034
"1025 ......Ermensee",570,570,570
"1026 ......Eschenbach (LU)",1319,1319,1319
"1030 ......Hitzkirch",2461,2461,2461
"1031 ......Hochdorf",959,959,959
"1032 ......Hohenrain",2339,2339,2339
"1033 ......Inwil",1033,1033,1033
"1037 ......Rain",942,942,942
"1039 ......Römerswil",1665,1665,1665
"1040 ......Rothenburg",1552,1552,1552
"1041 ......Schongau",1246,1246,1246
"1081 ......Beromünster",4219,4219,4219
"1082 ......Büron",539,539,539
"1083 ......Buttisholz",1677,1677,1677
"1084 ......Eich",589,589,589
"1085 ......Geuensee",643,643,643
"1086 ......Grosswangen",1969,1969,1969
"1088 ......Hildisrieden",699,699,699
"1089 ......Knutwil",978,978,978
"1091 ......Mauensee",717,717,717
"1093 ......Neuenkirch",2546,2546,2546
"1094 ......Nottwil",1031,1031,1031
"1095 ......Oberkirch",910,910,910
"1097 ......Rickenbach (LU)",1178,1178,1178
"1098 ......Ruswil",4531,4531,4531
"1099 ......Schenkon",677,677,677
"1100 ......Schlierbach",723,723,723
"1102 ......Sempach",895,895,895
"1103 ......Sursee",586,586,586
"1104 ......Triengen",2207,2207,2207
"1121 ......Alberswil",356,356,356
"1122 ......Altbüron",678,678,678
"1123 ......Altishofen",574,574,574
"1125 ......Dagmersellen",2386,2386,2386
"1126 ......Ebersecken",856,856,856
"1127 ......Egolzwil",417,417,417
"1128 ......Ettiswil",1251,1251,1251
"1129 ......Fischbach",805,805,805
"1130 ......Gettnau",602,602,602
"1131 ......Grossdietwil",1023,1023,1023
"1132 ......Hergiswil bei Willisau",3130,3130,3130
"1135 ......Luthern",3785,3785,3785
"1136 ......Menznau",3035,3035,3035
"1137 ......Nebikon",373,373,373
"1139 ......Pfaffnau",1755,1755,1755
"1140 ......Reiden",2701,2701,2701
"1142 ......Roggliswil",623,623,623
"1143 ......Schötz",1539,1539,1539
"1145 ......Ufhusen",1225,1225,1225
"1146 ......Wauwil",294,294,294
"1147 ......Wikon",828,828,828
"1150 ......Zell (LU)",1388,1388,1388
"1151 ......Willisau",4118,4118,4118
"1001 ......Doppleschwand",697,697,697
"1002 ......Entlebuch",5696,5696,5696
"1004 ......Flühli",10811,10811,10811
"1005 ......Hasle (LU)",4031,4031,4031
"1007 ......Romoos",3730,3730,3730
"1008 ......Schüpfheim",3851,3851,3851
"1009 ......Werthenstein",1569,1569,1569
"1010 ......Escholzmatt-Marbach",10635,10635,10635
"1107 ......Wolhusen",1428,1428,1428
"1201 ......Altdorf (UR)",1023,1023,1023
"1202 ......Andermatt",6216,6216,6216
"1203 ......Attinghausen",4682,4682,4682
"1204 ......Bauen",379,379,379
"1205 ......Bürglen (UR)",5313,5313,5313
"1206 ......Erstfeld",5920,5920,5920
"1207 ......Flüelen",1242,1242,1242
"1208 ......Göschenen",10414,10414,10414
"1209 ......Gurtnellen",8335,8335,8335
"1210 ......Hospental",3497,3497,3497
"1211 ......Isenthal",6099,6099,6099
"1212 ......Realp",7796,7796,7796
"1213 ......Schattdorf",1627,1627,1627
"1214 ......Seedorf (UR)",1546,1546,1546
"1215 ......Seelisberg",1325,1325,1325
"1216 ......Silenen",14476,14476,14476
"1217 ......Sisikon",1629,1629,1629
"1218 ......Spiringen",6474,6474,6474
"1219 ......Unterschächen",8025,8025,8025
"1220 ......Wassen",9700,9700,9700
"1301 ......Einsiedeln",9906,9906,9906
"1311 ......Gersau",1436,1436,1436
"1321 ......Feusisberg",1748,1748,1748
"1322 ......Freienbach",1377,1377,1377
"1323 ......Wollerau",634,634,634
"1331 ......Küssnacht (SZ)",2945,2945,2945
"1341 ......Altendorf",2045,2045,2045
"1342 ......Galgenen",1326,1326,1326
"1343 ......Innerthal",5018,5018,5018
"1344 ......Lachen",240,240,240
"1345 ......Reichenburg",1159,1159,1159
"1346 ......Schübelbach",2904,2904,2904
"1347 ......Tuggen",1355,1355,1355
"1348 ......Vorderthal",2796,2796,2796
"1349 ......Wangen (SZ)",845,845,845
"1361 ......Alpthal",2293,2293,2293
"1362 ......Arth",4210,4210,4210
"1363 ......Illgau",1094,1094,1094
"1364 ......Ingenbohl",1347,1347,1347
"1365 ......Lauerz",924,924,924
"1366 ......Morschach",2080,2080,2080
"1367 ......Muotathal",17219,17219,17219
"1368 ......Oberiberg",3284,3284,3284
"1369 ......Riemenstalden",1117,1117,1117
"1370 ......Rothenthurm",2280,2280,2280
"1371 ......Sattel",1731,1731,1731
"1372 ......Schwyz",5319,5319,5319
"1373 ......Steinen",1185,1185,1185
"1374 ......Steinerberg",692,692,692
"1375 ......Unteriberg",4665,4665,4665
"1401 ......Alpnach",5378,5378,5378
"1402 ......Engelberg",7476,7476,7476
"1403 ......Giswil",8594,8594,8594
"1404 ......Kerns",9262,9262,9262
"1405 ......Lungern",4655,4655,4655
"1406 ......Sachseln",5384,5384,5384
"1407 ......Sarnen",7314,7314,7314
"1501 ......Beckenried",2427,2427,2427
"1502 ......Buochs",994,994,994
"1503 ......Dallenwil",1549,1549,1549
"1504 ......Emmetten",2499,2499,2499
"1505 ......Ennetbürgen",939,939,939
"1506 ......Ennetmoos",1410,1410,1410
"1507 ......Hergiswil (NW)",1422,1422,1422
"1508 ......Oberdorf (NW)",1615,1615,1615
"1509 ......Stans",1111,1111,1111
"1510 ......Stansstad",914,914,914
"1511 ......Wolfenschiessen",9281,9281,9281
"1630 ......Glarus Nord",14698,14698,14698
"1631 ......Glarus Süd",43018,43018,43018
"1632 ......Glarus",10362,10362,10362
"1701 ......Baar",2478,2478,2478
"1702 ......Cham",1776,1776,1776
"1703 ......Hünenberg",1841,1841,1841
"1704 ......Menzingen",2747,2747,2747
"1705 ......Neuheim",794,794,794
"1706 ......Oberägeri",3007,3007,3007
"1707 ......Risch",1484,1484,1484
"1708 ......Steinhausen",504,504,504
"1709 ......Unterägeri",2556,2556,2556
"1710 ......Walchwil",1353,1353,1353
"1711 ......Zug",2165,2165,2165
"2004 ......Bussy (FR)",362,362,362
"2005 ......Châbles",477,477,477
"2008 ......Châtillon (FR)",130,130,130
"2009 ......Cheiry",648,648,648
"2010 ......Cheyres",513,513,513
"2011 ......Cugy (FR)",987,987,987
"2013 ......Domdidier",893,893,893
"2014 ......Dompierre (FR)",444,444,444
"2015 ......Estavayer-le-Lac",893,893,893
"2016 ......Fétigny",407,407,407
"2022 ......Gletterens",293,293,293
"2024 ......Léchelles",875,875,875
"2025 ......Lully (FR)",548,548,548
"2027 ......Ménières",435,435,435
"2029 ......Montagny (FR)",1752,1752,1752
"2033 ......Morens (FR)",260,260,260
"2034 ......Murist",820,820,820
"2035 ......Nuvilly",397,397,397
"2038 ......Prévondavaux",183,183,183
"2039 ......Rueyres-les-Prés",316,316,316
"2040 ......Russy",371,371,371
"2041 ......Saint-Aubin (FR)",790,790,790
"2043 ......Sévaz",247,247,247
"2044 ......Surpierre",477,477,477
"2045 ......Vallon",352,352,352
"2047 ......Villeneuve (FR)",357,357,357
"2049 ......Vuissens",560,560,560
"2050 ......Les Montets",1031,1031,1031
"2051 ......Delley-Portalban",726,726,726
"2052 ......Vernay",835,835,835
"2061 ......Auboranges",192,192,192
"2063 ......Billens-Hennens",490,490,490
"2066 ......Chapelle (Glâne)",203,203,203
"2067 ......Le Châtelard",748,748,748
"2068 ......Châtonnaye",633,633,633
"2072 ......Ecublens (FR)",487,487,487
"2079 ......Grangettes",336,336,336
"2086 ......Massonnens",424,424,424
"2087 ......Mézières (FR)",895,895,895
"2089 ......Montet (Glâne)",219,219,219
"2096 ......Romont (FR)",1090,1090,1090
"2097 ......Rue",1124,1124,1124
"2099 ......Siviriez",2029,2029,2029
"2102 ......Ursy",1495,1495,1495
"2111 ......Villaz-Saint-Pierre",553,553,553
"2113 ......Vuisternens-devant-Romont",2409,2409,2409
"2114 ......Villorsonnens",1550,1550,1550
"2115 ......Torny",1019,1019,1019
"2116 ......La Folliaz",990,990,990
"2121 ......Haut-Intyamon",6047,6047,6047
"2122 ......Pont-en-Ogoz",995,995,995
"2123 ......Botterens",417,417,417
"2124 ......Broc",1006,1006,1006
"2125 ......Bulle",2386,2386,2386
"2126 ......Cerniat (FR)",3373,3373,3373
"2127 ......Charmey",7847,7847,7847
"2128 ......Châtel-sur-Montsalvens",200,200,200
"2129 ......Corbières",960,960,960
"2130 ......Crésuz",180,180,180
"2131 ......Echarlens",461,461,461
"2134 ......Grandvillard",2420,2420,2420
"2135 ......Gruyères",2839,2839,2839
"2137 ......Hauteville",1055,1055,1055
"2138 ......Jaun",5524,5524,5524
"2140 ......Marsens",780,780,780
"2143 ......Morlon",249,249,249
"2145 ......Le Pâquier (FR)",448,448,448
"2147 ......Pont-la-Ville",432,432,432
"2148 ......Riaz",778,778,778
"2149 ......La Roche",2404,2404,2404
"2152 ......Sâles",1878,1878,1878
"2153 ......Sorens",874,874,874
"2155 ......Vaulruz",1009,1009,1009
"2160 ......Vuadens",1049,1049,1049
"2162 ......Bas-Intyamon",3327,3327,3327
"2171 ......Arconciel",611,611,611
"2172 ......Autafond",243,243,243
"2173 ......Autigny",622,622,622
"2174 ......Avry",581,581,581
"2175 ......Belfaux",643,643,643
"2177 ......Chénens",397,397,397
"2179 ......Chésopelloz",166,166,166
"2183 ......Corminboeuf",562,562,562
"2184 ......Corpataux-Magnedens",447,447,447
"2185 ......Corserey",346,346,346
"2186 ......Cottens (FR)",497,497,497
"2189 ......Ependes (FR)",563,563,563
"2192 ......Farvagny",1003,1003,1003
"2194 ......Ferpicloz",103,103,103
"2196 ......Fribourg",932,932,932
"2197 ......Givisiez",345,345,345
"2198 ......Granges-Paccot",398,398,398
"2200 ......Grolley",532,532,532
"2206 ......Marly",768,768,768
"2208 ......Matran",289,289,289
"2211 ......Neyruz (FR)",554,554,554
"2213 ......Noréaz",687,687,687
"2216 ......Pierrafortscha",506,506,506
"2217 ......Ponthaux",596,596,596
"2220 ......Le Mouret",1847,1847,1847
"2221 ......Prez-vers-Noréaz",571,571,571
"2222 ......Rossens (FR)",505,505,505
"2223 ......Le Glèbe",1031,1031,1031
"2225 ......Senèdes",50,50,50
"2226 ......Treyvaux",1142,1142,1142
"2228 ......Villars-sur-Glâne",547,547,547
"2230 ......Villarsel-sur-Marly",143,143,143
"2231 ......Vuisternens-en-Ogoz",624,624,624
"2233 ......Hauterive (FR)",1192,1192,1192
"2234 ......La Brillaz",1026,1026,1026
"2235 ......La Sonnaz",690,690,690
"2243 ......Barberêche",913,913,913
"2250 ......Courgevaux",341,341,341
"2251 ......Courlevon",327,327,327
"2254 ......Courtepin",408,408,408
"2257 ......Cressier (FR)",415,415,415
"2258 ......Fräschels",314,314,314
"2259 ......Galmiz",905,905,905
"2260 ......Gempenach",166,166,166
"2261 ......Greng",101,101,101
"2262 ......Gurmels",1721,1721,1721
"2264 ......Jeuss",177,177,177
"2265 ......Kerzers",1222,1222,1222
"2266 ......Kleinbösingen",301,301,301
"2270 ......Lurtigen",230,230,230
"2271 ......Meyriez",33,33,33
"2272 ......Misery-Courtion",1143,1143,1143
"2274 ......Muntelier",113,113,113
"2275 ......Murten",1362,1362,1362
"2276 ......Ried bei Kerzers",757,757,757
"2277 ......Salvenach",384,384,384
"2278 ......Ulmiz",286,286,286
"2279 ......Villarepos",472,472,472
"2280 ......Bas-Vully",995,995,995
"2281 ......Haut-Vully",757,757,757
"2283 ......Wallenried",388,388,388
"2391 ......Staatswald Galm",256,256,256
"2291 ......Alterswil",1608,1608,1608
"2292 ......Brünisried",324,324,324
"2293 ......Düdingen",3082,3082,3082
"2294 ......Giffers",522,522,522
"2295 ......Bösingen",1432,1432,1432
"2296 ......Heitenried",905,905,905
"2298 ......Oberschrot",527,527,527
"2299 ......Plaffeien",5941,5941,5941
"2300 ......Plasselb",1811,1811,1811
"2301 ......Rechthalten",730,730,730
"2302 ......St. Antoni",1685,1685,1685
"2303 ......St. Silvester",710,710,710
"2304 ......St. Ursen",1572,1572,1572
"2305 ......Schmitten (FR)",1355,1355,1355
"2306 ......Tafers",837,837,837
"2307 ......Tentlingen",369,369,369
"2308 ......Ueberstorf",1613,1613,1613
"2309 ......Wünnewil-Flamatt",1321,1321,1321
"2310 ......Zumholz",191,191,191
"2321 ......Attalens",981,981,981
"2323 ......Bossonnens",408,408,408
"2325 ......Châtel-Saint-Denis",4788,4788,4788
"2328 ......Granges (Veveyse)",446,446,446
"2333 ......Remaufens",589,589,589
"2335 ......Saint-Martin (FR)",976,976,976
"2336 ......Semsales",2939,2939,2939
"2337 ......Le Flon",954,954,954
"2338 ......La Verrerie",1342,1342,1342
"2401 ......Egerkingen",692,692,692
"2402 ......Härkingen",557,557,557
"2403 ......Kestenholz",860,860,860
"2404 ......Neuendorf",713,713,713
"2405 ......Niederbuchsiten",549,549,549
"2406 ......Oberbuchsiten",938,938,938
"2407 ......Oensingen",1204,1204,1204
"2408 ......Wolfwil",688,688,688
"2421 ......Aedermannsdorf",1289,1289,1289
"2422 ......Balsthal",1569,1569,1569
"2423 ......Gänsbrunnen",1136,1136,1136
"2424 ......Herbetswil",1635,1635,1635
"2425 ......Holderbank (SO)",779,779,779
"2426 ......Laupersdorf",1552,1552,1552
"2427 ......Matzendorf",1129,1129,1129
"2428 ......Mümliswil-Ramiswil",3548,3548,3548
"2429 ......Welschenrohr",1297,1297,1297
"2441 ......Aetigkofen",203,203,203
"2442 ......Aetingen",285,285,285
"2444 ......Bibern (SO)",300,300,300
"2445 ......Biezwil",418,418,418
"2446 ......Brügglen",170,170,170
"2449 ......Gossliwil",197,197,197
"2450 ......Hessigkofen",226,226,226
"2452 ......Küttigkofen",216,216,216
"2453 ......Kyburg-Buchegg",164,164,164
"2455 ......Lüterkofen-Ichertswil",438,438,438
"2456 ......Lüterswil-Gächliwil",308,308,308
"2457 ......Messen",1189,1189,1189
"2458 ......Mühledorf (SO)",332,332,332
"2461 ......Schnottwil",717,717,717
"2462 ......Tscheppach",184,184,184
"2463 ......Unterramsern",154,154,154
"2464 ......Lüsslingen-Nennigkofen",780,780,780
"2471 ......Bättwil",169,169,169
"2472 ......Büren (SO)",622,622,622
"2473 ......Dornach",575,575,575
"2474 ......Gempen",597,597,597
"2475 ......Hochwald",828,828,828
"2476 ......Hofstetten-Flüh",752,752,752
"2477 ......Metzerlen-Mariastein",854,854,854
"2478 ......Nuglar-St. Pantaleon",633,633,633
"2479 ......Rodersdorf",530,530,530
"2480 ......Seewen",1639,1639,1639
"2481 ......Witterswil",265,265,265
"2491 ......Hauenstein-Ifenthal",531,531,531
"2492 ......Kienberg",855,855,855
"2493 ......Lostorf",1331,1331,1331
"2495 ......Niedergösgen",433,433,433
"2497 ......Obergösgen",363,363,363
"2498 ......Rohr (SO)",225,225,225
"2499 ......Stüsslingen",615,615,615
"2500 ......Trimbach",765,765,765
"2501 ......Winznau",395,395,395
"2502 ......Wisen (SO)",480,480,480
"2503 ......Erlinsbach (SO)",887,887,887
"2511 ......Aeschi (SO)",544,544,544
"2513 ......Biberist",1224,1224,1224
"2514 ......Bolken",213,213,213
"2516 ......Deitingen",763,763,763
"2517 ......Derendingen",561,561,561
"2518 ......Etziken",338,338,338
"2519 ......Gerlafingen",191,191,191
"2520 ......Halten",185,185,185
"2523 ......Horriwil",260,260,260
"2524 ......Hüniken",101,101,101
"2525 ......Kriegstetten",113,113,113
"2526 ......Lohn-Ammannsegg",447,447,447
"2527 ......Luterbach",454,454,454
"2528 ......Obergerlafingen",152,152,152
"2529 ......Oekingen",245,245,245
"2530 ......Recherswil",333,333,333
"2532 ......Subingen",621,621,621
"2534 ......Zuchwil",467,467,467
"2535 ......Drei Höfe",451,451,451
"2541 ......Balm bei Günsberg",546,546,546
"2542 ......Bellach",526,526,526
"2543 ......Bettlach",1222,1222,1222
"2544 ......Feldbrunnen-St. Niklaus",249,249,249
"2545 ......Flumenthal",309,309,309
"2546 ......Grenchen",2605,2605,2605
"2547 ......Günsberg",528,528,528
"2548 ......Hubersdorf",136,136,136
"2549 ......Kammersrohr",94,94,94
"2550 ......Langendorf",195,195,195
"2551 ......Lommiswil",576,576,576
"2553 ......Oberdorf (SO)",1195,1195,1195
"2554 ......Riedholz",720,720,720
"2555 ......Rüttenen",880,880,880
"2556 ......Selzach",1947,1947,1947
"2571 ......Boningen",281,281,281
"2572 ......Däniken",537,537,537
"2573 ......Dulliken",603,603,603
"2574 ......Eppenberg-Wöschnau",183,183,183
"2575 ......Fulenbach",448,448,448
"2576 ......Gretzenbach",581,581,581
"2578 ......Gunzgen",391,391,391
"2579 ......Hägendorf",1387,1387,1387
"2580 ......Kappel (SO)",510,510,510
"2581 ......Olten",1151,1151,1151
"2582 ......Rickenbach (SO)",280,280,280
"2583 ......Schönenwerd",374,374,374
"2584 ......Starrkirch-Wil",184,184,184
"2585 ......Walterswil (SO)",451,451,451
"2586 ......Wangen bei Olten",694,694,694
"2601 ......Solothurn",629,629,629
"2611 ......Bärschwil",1118,1118,1118
"2612 ......Beinwil (SO)",2265,2265,2265
"2613 ......Breitenbach",683,683,683
"2614 ......Büsserach",755,755,755
"2615 ......Erschwil",745,745,745
"2616 ......Fehren",150,150,150
"2617 ......Grindel",300,300,300
"2618 ......Himmelried",600,600,600
"2619 ......Kleinlützel",1632,1632,1632
"2620 ......Meltingen",576,576,576
"2621 ......Nunningen",1029,1029,1029
"2622 ......Zullwil",363,363,363
"2701 ......Basel",2395,2395,2395
"2702 ......Bettingen",218,218,218
"2703 ......Riehen",1094,1094,1094
"2761 ......Aesch (BL)",740,740,740
"2762 ......Allschwil",892,892,892
"2763 ......Arlesheim",697,697,697
"2764 ......Biel-Benken",409,409,409
"2765 ......Binningen",445,445,445
"2766 ......Birsfelden",254,254,254
"2767 ......Bottmingen",296,296,296
"2768 ......Ettingen",638,638,638
"2769 ......Münchenstein",718,718,718
"2770 ......Muttenz",1663,1663,1663
"2771 ......Oberwil (BL)",788,788,788
"2772 ......Pfeffingen",485,485,485
"2773 ......Reinach (BL)",697,697,697
"2774 ......Schönenbuch",133,133,133
"2775 ......Therwil",766,766,766
"2781 ......Blauen",711,711,711
"2782 ......Brislach",937,937,937
"2783 ......Burg im Leimental",282,282,282
"2784 ......Dittingen",674,674,674
"2785 ......Duggingen",590,590,590
"2786 ......Grellingen",333,333,333
"2787 ......Laufen",1134,1134,1134
"2788 ......Liesberg",1251,1251,1251
"2789 ......Nenzlingen",365,365,365
"2790 ......Roggenburg",665,665,665
"2791 ......Röschenz",1006,1006,1006
"2792 ......Wahlen",543,543,543
"2793 ......Zwingen",461,461,461
"2821 ......Arisdorf",999,999,999
"2822 ......Augst",162,162,162
"2823 ......Bubendorf",1084,1084,1084
"2824 ......Frenkendorf",460,460,460
"2825 ......Füllinsdorf",463,463,463
"2826 ......Giebenach",134,134,134
"2827 ......Hersberg",169,169,169
"2828 ......Lausen",556,556,556
"2829 ......Liestal",1815,1815,1815
"2830 ......Lupsingen",315,315,315
"2831 ......Pratteln",1070,1070,1070
"2832 ......Ramlinsburg",225,225,225
"2833 ......Seltisberg",352,352,352
"2834 ......Ziefen",781,781,781
"2841 ......Anwil",399,399,399
"2842 ......Böckten",229,229,229
"2843 ......Buckten",200,200,200
"2844 ......Buus",887,887,887
"2845 ......Diepflingen",142,142,142
"2846 ......Gelterkinden",982,982,982
"2847 ......Häfelfingen",394,394,394
"2848 ......Hemmiken",343,343,343
"2849 ......Itingen",314,314,314
"2850 ......Känerkinden",144,144,144
"2851 ......Kilchberg (BL)",160,160,160
"2852 ......Läufelfingen",815,815,815
"2853 ......Maisprach",502,502,502
"2854 ......Nusshof",174,174,174
"2855 ......Oltingen",717,717,717
"2856 ......Ormalingen",694,694,694
"2857 ......Rickenbach (BL)",289,289,289
"2858 ......Rothenfluh",1088,1088,1088
"2859 ......Rümlingen",227,227,227
"2860 ......Rünenberg",498,498,498
"2861 ......Sissach",888,888,888
"2862 ......Tecknau",238,238,238
"2863 ......Tenniken",468,468,468
"2864 ......Thürnen",227,227,227
"2865 ......Wenslingen",585,585,585
"2866 ......Wintersingen",692,692,692
"2867 ......Wittinsburg",320,320,320
"2868 ......Zeglingen",793,793,793
"2869 ......Zunzgen",689,689,689
"2881 ......Arboldswil",344,344,344
"2882 ......Bennwil",652,652,652
"2883 ......Bretzwil",736,736,736
"2884 ......Diegten",965,965,965
"2885 ......Eptingen",1124,1124,1124
"2886 ......Hölstein",596,596,596
"2887 ......Lampenberg",403,403,403
"2888 ......Langenbruck",1572,1572,1572
"2889 ......Lauwil",727,727,727
"2890 ......Liedertswil",195,195,195
"2891 ......Niederdorf",442,442,442
"2892 ......Oberdorf (BL)",622,622,622
"2893 ......Reigoldswil",920,920,920
"2894 ......Titterten",370,370,370
"2895 ......Waldenburg",828,828,828
"2901 ......Gächlingen",726,726,726
"2903 ......Löhningen",690,690,690
"2904 ......Neunkirch",1788,1788,1788
"2914 ......Büttenhardt",402,402,402
"2915 ......Dörflingen",577,577,577
"2917 ......Lohn (SH)",488,488,488
"2919 ......Stetten (SH)",472,472,472
"2920 ......Thayngen",1997,1997,1997
"2931 ......Bargen (SH)",830,830,830
"2932 ......Beringen",1862,1862,1862
"2933 ......Buchberg",586,586,586
"2936 ......Merishausen",1751,1751,1751
"2937 ......Neuhausen am Rheinfall",806,806,806
"2938 ......Rüdlingen",552,552,552
"2939 ......Schaffhausen",4191,4191,4191
"2951 ......Beggingen",1264,1264,1264
"2952 ......Schleitheim",2152,2152,2152
"2953 ......Siblingen",931,931,931
"2961 ......Buch (SH)",383,383,383
"2962 ......Hemishofen",794,794,794
"2963 ......Ramsen",1345,1345,1345
"2964 ......Stein am Rhein",576,576,576
"2971 ......Hallau",1534,1534,1534
"2972 ......Oberhallau",601,601,601
"2973 ......Trasadingen",410,410,410
"2974 ......Wilchingen",2116,2116,2116
"3001 ......Herisau",2516,2516,2516
"3002 ......Hundwil",2407,2407,2407
"3003 ......Schönengrund",521,521,521
"3004 ......Schwellbrunn",1739,1739,1739
"3005 ......Stein (AR)",940,940,940
"3006 ......Urnäsch",4825,4825,4825
"3007 ......Waldstatt",671,671,671
"3021 ......Bühler",558,558,558
"3022 ......Gais",2119,2119,2119
"3023 ......Speicher",821,821,821
"3024 ......Teufen (AR)",1532,1532,1532
"3025 ......Trogen",1000,1000,1000
"3031 ......Grub (AR)",423,423,423
"3032 ......Heiden",752,752,752
"3033 ......Lutzenberg",227,227,227
"3034 ......Rehetobel",671,671,671
"3035 ......Reute (AR)",493,493,493
"3036 ......Wald (AR)",683,683,683
"3037 ......Walzenhausen",700,700,700
"3038 ......Wolfhalden",696,696,696
"3101 ......Appenzell",1686,1686,1686
"3102 ......Gonten",2472,2472,2472
"3103 ......Rüte",4088,4088,4088
"3104 ......Schlatt-Haslen",1791,1791,1791
"3105 ......Schwende",5746,5746,5746
"3111 ......Oberegg",1467,1467,1467
"3201 ......Häggenschwil",915,915,915
"3202 ......Muolen",1034,1034,1034
"3203 ......St. Gallen",3932,3932,3932
"3204 ......Wittenbach",1230,1230,1230
"3212 ......Eggersriet",889,889,889
"3441 ......Andwil (SG)",625,625,625
"3442 ......Gaiserwald",1268,1268,1268
"3443 ......Gossau (SG)",2746,2746,2746
"3444 ......Waldkirch",3127,3127,3127
"3211 ......Berg (SG)",378,378,378
"3213 ......Goldach",474,474,474
"3214 ......Mörschwil",987,987,987
"3215 ......Rorschach",177,177,177
"3216 ......Rorschacherberg",714,714,714
"3217 ......Steinach",451,451,451
"3218 ......Tübach",195,195,195
"3219 ......Untereggen",707,707,707
"3237 ......Thal",962,962,962
"3231 ......Au (SG)",471,471,471
"3232 ......Balgach",654,654,654
"3233 ......Berneck",558,558,558
"3234 ......Diepoldsau",1118,1118,1118
"3235 ......Rheineck",221,221,221
"3236 ......St. Margrethen",686,686,686
"3238 ......Widnau",421,421,421
"3251 ......Altstätten",3954,3954,3954
"3252 ......Eichberg",547,547,547
"3253 ......Marbach (SG)",444,444,444
"3254 ......Oberriet (SG)",3452,3452,3452
"3255 ......Rebstein",432,432,432
"3256 ......Rüthi (SG)",934,934,934
"3271 ......Buchs (SG)",1595,1595,1595
"3272 ......Gams",2231,2231,2231
"3273 ......Grabs",5468,5468,5468
"3274 ......Sennwald",4149,4149,4149
"3275 ......Sevelen",3032,3032,3032
"3276 ......Wartau",4175,4175,4175
"3291 ......Bad Ragaz",2544,2544,2544
"3292 ......Flums",7514,7514,7514
"3293 ......Mels",13915,13915,13915
"3294 ......Pfäfers",12841,12841,12841
"3295 ......Quarten",6173,6173,6173
"3296 ......Sargans",947,947,947
"3297 ......Vilters-Wangs",3271,3271,3271
"3298 ......Walenstadt",4566,4566,4566
"3311 ......Amden",4301,4301,4301
"3312 ......Benken (SG)",1641,1641,1641
"3313 ......Kaltbrunn",1863,1863,1863
"3315 ......Schänis",3988,3988,3988
"3316 ......Weesen",540,540,540
"3338 ......Schmerikon",404,404,404
"3339 ......Uznach",760,760,760
"3340 ......Rapperswil-Jona",2222,2222,2222
"3341 ......Gommiswald",3359,3359,3359
"3342 ......Eschenbach (SG)",5493,5493,5493
"3352 ......Ebnat-Kappel",4357,4357,4357
"3359 ......Wildhaus-Alt St. Johann",8744,8744,8744
"3360 ......Nesslau",9267,9267,9267
"3372 ......Hemberg",2021,2021,2021
"3374 ......Lichtensteig",280,280,280
"3375 ......Oberhelfenschwil",1274,1274,1274
"3378 ......Neckertal",4900,4900,4900
"3379 ......Wattwil",5122,5122,5122
"3392 ......Kirchberg (SG)",4255,4255,4255
"3393 ......Lütisburg",1396,1396,1396
"3394 ......Mosnang",5057,5057,5057
"3395 ......Bütschwil-Ganterschwil",2180,2180,2180
"3401 ......Degersheim",1444,1444,1444
"3402 ......Flawil",1149,1149,1149
"3405 ......Jonschwil",1105,1105,1105
"3407 ......Oberuzwil",1413,1413,1413
"3408 ......Uzwil",1446,1446,1446
"3422 ......Niederbüren",1582,1582,1582
"3423 ......Niederhelfenschwil",1629,1629,1629
"3424 ......Oberbüren",1776,1776,1776
"3426 ......Zuzwil (SG)",896,896,896
"3427 ......Wil (SG)",2084,2084,2084
"3501 ......Alvaschein",406,406,406
"3502 ......Mon",851,851,851
"3503 ......Mutten",991,991,991
"3504 ......Stierva",1054,1054,1054
"3505 ......Tiefencastel",1485,1485,1485
"3506 ......Vaz/Obervaz",4251,4251,4251
"3511 ......Alvaneu",3568,3568,3568
"3512 ......Brienz/Brinzauls",1338,1338,1338
"3513 ......Lantsch/Lenz",2182,2182,2182
"3514 ......Schmitten (GR)",1132,1132,1132
"3515 ......Surava",696,696,696
"3521 ......Bergün/Bravuogn",14564,14564,14564
"3522 ......Filisur",4458,4458,4458
"3531 ......Bivio",7670,7670,7670
"3532 ......Cunter",711,711,711
"3533 ......Marmorera",1899,1899,1899
"3534 ......Mulegns",3380,3380,3380
"3536 ......Riom-Parsonz",5604,5604,5604
"3538 ......Salouf",3141,3141,3141
"3539 ......Savognin",2223,2223,2223
"3540 ......Sur",2318,2318,2318
"3541 ......Tinizong-Rona",5430,5430,5430
"3551 ......Brusio",4625,4625,4625
"3561 ......Poschiavo",19095,19095,19095
"3631 ......Almens",836,836,836
"3633 ......Fürstenau",130,130,130
"3634 ......Paspels",457,457,457
"3635 ......Pratval",80,80,80
"3636 ......Rodels",168,168,168
"3637 ......Rothenbrunnen",310,310,310
"3638 ......Scharans",1428,1428,1428
"3640 ......Sils im Domleschg",932,932,932
"3661 ......Cazis",3120,3120,3120
"3662 ......Flerden",606,606,606
"3663 ......Masein",419,419,419
"3668 ......Thusis",684,684,684
"3669 ......Tschappina",2467,2467,2467
"3670 ......Urmein",435,435,435
"3671 ......Tomils",3053,3053,3053
"3681 ......Avers",9308,9308,9308
"3691 ......Hinterrhein",4838,4838,4838
"3693 ......Nufenen",2807,2807,2807
"3694 ......Splügen",6053,6053,6053
"3695 ......Sufers",3456,3456,3456
"3701 ......Andeer",4636,4636,4636
"3703 ......Casti-Wergenstein",2559,2559,2559
"3705 ......Donat",466,466,466
"3707 ......Lohn (GR)",814,814,814
"3708 ......Mathon",1513,1513,1513
"3711 ......Rongellen",204,204,204
"3712 ......Zillis-Reischen",2446,2446,2446
"3713 ......Ferrera",7542,7542,7542
"3721 ......Bonaduz",1445,1445,1445
"3722 ......Domat/Ems",2424,2424,2424
"3723 ......Rhäzüns",1328,1328,1328
"3731 ......Felsberg",1339,1339,1339
"3732 ......Flims",5045,5045,5045
"3733 ......Tamins",4071,4071,4071
"3734 ......Trin",4724,4724,4724
"3741 ......Ardez",6144,6144,6144
"3742 ......Guarda",3145,3145,3145
"3743 ......Lavin",4618,4618,4618
"3744 ......Susch",9395,9395,9395
"3745 ......Tarasp",4690,4690,4690
"3746 ......Zernez",20391,20391,20391
"3752 ......Samnaun",5618,5618,5618
"3761 ......Ftan",4312,4312,4312
"3762 ......Scuol",14414,14414,14414
"3763 ......Sent",11172,11172,11172
"3764 ......Valsot",15916,15916,15916
"3847 ......Val Müstair",19863,19863,19863
"3941 ......Haldenstein",1855,1855,1855
"3945 ......Trimmis",4289,4289,4289
"3946 ......Untervaz",2767,2767,2767
"3947 ......Zizers",1096,1096,1096
"3951 ......Fläsch",1995,1995,1995
"3952 ......Jenins",1050,1050,1050
"3953 ......Maienfeld",3237,3237,3237
"3954 ......Malans",1138,1138,1138
"3955 ......Landquart",1892,1892,1892
"3781 ......Bever",4565,4565,4565
"3782 ......Celerina/Schlarigna",2403,2403,2403
"3783 ......Madulain",1635,1635,1635
"3784 ......Pontresina",11824,11824,11824
"3785 ......La Punt-Chamues-ch",6322,6322,6322
"3786 ......Samedan",11396,11396,11396
"3787 ......St. Moritz",2870,2870,2870
"3788 ......S-chanf",13801,13801,13801
"3789 ......Sils im Engadin/Segl",6354,6354,6354
"3790 ......Silvaplana",4471,4471,4471
"3791 ......Zuoz",6563,6563,6563
"3792 ......Bregaglia",25137,25137,25137
"3801 ......Arvigo",1702,1702,1702
"3803 ......Braggio",688,688,688
"3804 ......Buseno",1124,1124,1124
"3805 ......Castaneda",394,394,394
"3806 ......Cauco",1090,1090,1090
"3808 ......Rossa",5893,5893,5893
"3810 ......Santa Maria in Calanca",932,932,932
"3811 ......Selma",288,288,288
"3821 ......Lostallo",5091,5091,5091
"3822 ......Mesocco",16476,16476,16476
"3823 ......Soazza",4637,4637,4637
"3831 ......Cama",1506,1506,1506
"3832 ......Grono",1483,1483,1483
"3833 ......Leggia",915,915,915
"3834 ......Roveredo (GR)",3878,3878,3878
"3835 ......San Vittore",2202,2202,2202
"3836 ......Verdabbio",1311,1311,1311
"3901 ......Chur",2801,2801,2801
"3911 ......Churwalden",4858,4858,4858
"3921 ......Arosa",15473,15473,15473
"3926 ......Maladers",761,761,761
"3932 ......Tschiertschen-Praden",2780,2780,2780
"3851 ......Davos",28397,28397,28397
"3861 ......Fideris",2532,2532,2532
"3862 ......Furna",3325,3325,3325
"3863 ......Jenaz",2595,2595,2595
"3871 ......Klosters-Serneus",19316,19316,19316
"3881 ......Conters im Prättigau",1839,1839,1839
"3882 ......Küblis",813,813,813
"3883 ......Saas",2675,2675,2675
"3891 ......Luzein",3163,3163,3163
"3893 ......St. Antönien",5222,5222,5222
"3961 ......Grüsch",4328,4328,4328
"3962 ......Schiers",6175,6175,6175
"3972 ......Seewis im Prättigau",4960,4960,4960
"3571 ......Castrisch",718,718,718
"3572 ......Falera",2235,2235,2235
"3574 ......Ilanz",470,470,470
"3575 ......Laax",3168,3168,3168
"3576 ......Ladir",721,721,721
"3577 ......Luven",664,664,664
"3578 ......Pitasch",1081,1081,1081
"3579 ......Riein",1582,1582,1582
"3580 ......Ruschein",1254,1254,1254
"3581 ......Sagogn",695,695,695
"3582 ......Schluein",481,481,481
"3583 ......Schnaus",298,298,298
"3584 ......Sevgein",460,460,460
"3593 ......Duvin",1791,1791,1791
"3598 ......St. Martin",2293,2293,2293
"3603 ......Vals",15258,15258,15258
"3611 ......Andiast",1363,1363,1363
"3612 ......Obersaxen",6153,6153,6153
"3613 ......Pigniu",1798,1798,1798
"3614 ......Rueun",1158,1158,1158
"3615 ......Siat",1348,1348,1348
"3616 ......Waltensburg/Vuorz",3232,3232,3232
"3617 ......Mundaun",859,859,859
"3618 ......Lumnezia",16543,16543,16543
"3672 ......Safiental",15142,15142,15142
"3981 ......Breil/Brigels",5083,5083,5083
"3982 ......Disentis/Mustér",9107,9107,9107
"3983 ......Medel (Lucmagn)",13620,13620,13620
"3985 ......Sumvitg",10184,10184,10184
"3986 ......Tujetsch",13392,13392,13392
"3987 ......Trun",5188,5188,5188
"4001 ......Aarau",1233,1233,1233
"4002 ......Biberstein",414,414,414
"4003 ......Buchs (AG)",533,533,533
"4004 ......Densbüren",1259,1259,1259
"4005 ......Erlinsbach (AG)",985,985,985
"4006 ......Gränichen",1727,1727,1727
"4007 ......Hirschthal",353,353,353
"4008 ......Küttigen",1189,1189,1189
"4009 ......Muhen",704,704,704
"4010 ......Oberentfelden",721,721,721
"4012 ......Suhr",1061,1061,1061
"4013 ......Unterentfelden",286,286,286
"4021 ......Baden",1318,1318,1318
"4022 ......Bellikon",494,494,494
"4023 ......Bergdietikon",602,602,602
"4024 ......Birmenstorf (AG)",775,775,775
"4026 ......Ennetbaden",213,213,213
"4027 ......Fislisbach",513,513,513
"4028 ......Freienwil",402,402,402
"4029 ......Gebenstorf",570,570,570
"4030 ......Killwangen",240,240,240
"4031 ......Künten",488,488,488
"4032 ......Mägenwil",349,349,349
"4033 ......Mellingen",481,481,481
"4034 ......Neuenhof",541,541,541
"4035 ......Niederrohrdorf",335,335,335
"4037 ......Oberrohrdorf",431,431,431
"4038 ......Obersiggenthal",837,837,837
"4039 ......Remetschwil",387,387,387
"4040 ......Spreitenbach",863,863,863
"4041 ......Stetten (AG)",444,444,444
"4042 ......Turgi",150,150,150
"4044 ......Untersiggenthal",825,825,825
"4045 ......Wettingen",1063,1063,1063
"4046 ......Wohlenschwil",443,443,443
"4047 ......Würenlingen",939,939,939
"4048 ......Würenlos",900,900,900
"4049 ......Ehrendingen",727,727,727
"4061 ......Arni (AG)",345,345,345
"4062 ......Berikon",538,538,538
"4063 ......Bremgarten (AG)",797,797,797
"4064 ......Büttikon",282,282,282
"4065 ......Dottikon",388,388,388
"4066 ......Eggenwil",253,253,253
"4067 ......Fischbach-Göslikon",310,310,310
"4068 ......Hägglingen",775,775,775
"4069 ......Hermetschwil-Staffeln",334,334,334
"4071 ......Jonen",570,570,570
"4072 ......Niederwil (AG)",608,608,608
"4073 ......Oberlunkhofen",328,328,328
"4074 ......Oberwil-Lieli",537,537,537
"4075 ......Rudolfstetten-Friedlisberg",490,490,490
"4076 ......Sarmenstorf",828,828,828
"4077 ......Tägerig",328,328,328
"4078 ......Uezwil",245,245,245
"4079 ......Unterlunkhofen",449,449,449
"4080 ......Villmergen",1199,1199,1199
"4081 ......Widen",259,259,259
"4082 ......Wohlen (AG)",1244,1244,1244
"4083 ......Zufikon",480,480,480
"4084 ......Islisberg",165,165,165
"4091 ......Auenstein",572,572,572
"4092 ......Birr",504,504,504
"4093 ......Birrhard",301,301,301
"4094 ......Bözen",392,392,392
"4095 ......Brugg",634,634,634
"4096 ......Effingen",687,687,687
"4097 ......Elfingen",421,421,421
"4099 ......Habsburg",223,223,223
"4100 ......Hausen (AG)",318,318,318
"4104 ......Lupfig",514,514,514
"4105 ......Mandach",557,557,557
"4106 ......Mönthal",393,393,393
"4107 ......Mülligen",315,315,315
"4109 ......Oberflachs",341,341,341
"4110 ......Remigen",791,791,791
"4111 ......Riniken",475,475,475
"4112 ......Rüfenach",418,418,418
"4113 ......Scherz",333,333,333
"4114 ......Schinznach-Bad",189,189,189
"4115 ......Schinznach-Dorf",883,883,883
"4117 ......Thalheim (AG)",984,984,984
"4120 ......Veltheim (AG)",520,520,520
"4121 ......Villigen",1120,1120,1120
"4122 ......Villnachern",568,568,568
"4123 ......Windisch",492,492,492
"4124 ......Bözberg",1556,1556,1556
"4131 ......Beinwil am See",385,385,385
"4132 ......Birrwil",344,344,344
"4133 ......Burg (AG)",92,92,92
"4134 ......Dürrenäsch",590,590,590
"4135 ......Gontenschwil",977,977,977
"4136 ......Holziken",287,287,287
"4137 ......Leimbach (AG)",112,112,112
"4138 ......Leutwil",376,376,376
"4139 ......Menziken",642,642,642
"4140 ......Oberkulm",941,941,941
"4141 ......Reinach (AG)",953,953,953
"4142 ......Schlossrued",726,726,726
"4143 ......Schmiedrued",859,859,859
"4144 ......Schöftland",620,620,620
"4145 ......Teufenthal (AG)",355,355,355
"4146 ......Unterkulm",892,892,892
"4147 ......Zetzwil",577,577,577
"4161 ......Eiken",701,701,701
"4163 ......Frick",998,998,998
"4164 ......Gansingen",876,876,876
"4165 ......Gipf-Oberfrick",1020,1020,1020
"4166 ......Herznach",625,625,625
"4167 ......Hornussen",732,732,732
"4169 ......Kaisten",1809,1809,1809
"4170 ......Laufenburg",1446,1446,1446
"4172 ......Münchwilen (AG)",248,248,248
"4173 ......Oberhof",816,816,816
"4175 ......Oeschgen",441,441,441
"4176 ......Schwaderloch",279,279,279
"4177 ......Sisseln",259,259,259
"4179 ......Ueken",509,509,509
"4181 ......Wittnau",1125,1125,1125
"4182 ......Wölflinswil",949,949,949
"4183 ......Zeihen",691,691,691
"4184 ......Mettauertal",2160,2160,2160
"4191 ......Ammerswil",320,320,320
"4192 ......Boniswil",235,235,235
"4193 ......Brunegg",151,151,151
"4194 ......Dintikon",372,372,372
"4195 ......Egliswil",633,633,633
"4196 ......Fahrwangen",396,396,396
"4197 ......Hallwil",223,223,223
"4198 ......Hendschiken",351,351,351
"4199 ......Holderbank (AG)",232,232,232
"4200 ......Hunzenschwil",326,326,326
"4201 ......Lenzburg",1135,1135,1135
"4202 ......Meisterschwanden",430,430,430
"4203 ......Möriken-Wildegg",660,660,660
"4204 ......Niederlenz",328,328,328
"4205 ......Othmarsingen",472,472,472
"4206 ......Rupperswil",615,615,615
"4207 ......Schafisheim",636,636,636
"4208 ......Seengen",962,962,962
"4209 ......Seon",968,968,968
"4210 ......Staufen",351,351,351
"4221 ......Abtwil",415,415,415
"4222 ......Aristau",871,871,871
"4223 ......Auw",855,855,855
"4224 ......Beinwil (Freiamt)",1132,1132,1132
"4226 ......Besenbüren",235,235,235
"4227 ......Bettwil",426,426,426
"4228 ......Boswil",1175,1175,1175
"4229 ......Bünzen",577,577,577
"4230 ......Buttwil",451,451,451
"4231 ......Dietwil",552,552,552
"4232 ......Geltwil",331,331,331
"4233 ......Kallern",269,269,269
"4234 ......Merenschwand",1355,1355,1355
"4235 ......Mühlau",551,551,551
"4236 ......Muri (AG)",1230,1230,1230
"4237 ......Oberrüti",533,533,533
"4238 ......Rottenschwil",446,446,446
"4239 ......Sins",2024,2024,2024
"4240 ......Waltenschwil",458,458,458
"4251 ......Hellikon",705,705,705
"4252 ......Kaiseraugst",492,492,492
"4253 ......Magden",1103,1103,1103
"4254 ......Möhlin",1885,1885,1885
"4255 ......Mumpf",312,312,312
"4256 ......Obermumpf",504,504,504
"4257 ......Olsberg",461,461,461
"4258 ......Rheinfelden",1603,1603,1603
"4259 ......Schupfart",701,701,701
"4260 ......Stein (AG)",281,281,281
"4261 ......Wallbach",448,448,448
"4262 ......Wegenstetten",710,710,710
"4263 ......Zeiningen",1137,1137,1137
"4264 ......Zuzgen",832,832,832
"4271 ......Aarburg",442,442,442
"4272 ......Attelwil",220,220,220
"4273 ......Bottenwil",510,510,510
"4274 ......Brittnau",1368,1368,1368
"4275 ......Kirchleerau",436,436,436
"4276 ......Kölliken",884,884,884
"4277 ......Moosleerau",385,385,385
"4279 ......Murgenthal",1862,1862,1862
"4280 ......Oftringen",1287,1287,1287
"4281 ......Reitnau",579,579,579
"4282 ......Rothrist",1177,1177,1177
"4283 ......Safenwil",603,603,603
"4284 ......Staffelbach",895,895,895
"4285 ......Strengelbach",602,602,602
"4286 ......Uerkheim",708,708,708
"4287 ......Vordemwald",1015,1015,1015
"4288 ......Wiliberg",120,120,120
"4289 ......Zofingen",1107,1107,1107
"4301 ......Baldingen",281,281,281
"4302 ......Böbikon",261,261,261
"4303 ......Böttstein",745,745,745
"4304 ......Döttingen",695,695,695
"4305 ......Endingen",844,844,844
"4306 ......Fisibach",577,577,577
"4307 ......Full-Reuenthal",486,486,486
"4308 ......Kaiserstuhl",31,31,31
"4309 ......Klingnau",672,672,672
"4310 ......Koblenz",406,406,406
"4311 ......Leibstadt",637,637,637
"4312 ......Lengnau (AG)",1264,1264,1264
"4313 ......Leuggern",1373,1373,1373
"4314 ......Mellikon",269,269,269
"4315 ......Rekingen (AG)",312,312,312
"4316 ......Rietheim",393,393,393
"4317 ......Rümikon",293,293,293
"4318 ......Schneisingen",828,828,828
"4319 ......Siglistorf",553,553,553
"4320 ......Tegerfelden",706,706,706
"4321 ......Unterendingen",345,345,345
"4322 ......Wislikofen",373,373,373
"4323 ......Bad Zurzach",653,653,653
"4401 ......Arbon",593,593,593
"4406 ......Dozwil",131,131,131
"4411 ......Egnach",1846,1846,1846
"4416 ......Hefenhofen",614,614,614
"4421 ......Horn",174,174,174
"4426 ......Kesswil",442,442,442
"4431 ......Roggwil (TG)",1191,1191,1191
"4436 ......Romanshorn",870,870,870
"4441 ......Salmsach",263,263,263
"4446 ......Sommeri",415,415,415
"4451 ......Uttwil",437,437,437
"4461 ......Amriswil",1901,1901,1901
"4536 ......Basadingen-Schlattingen",1567,1567,1567
"4545 ......Diessenhofen",1004,1004,1004
"4546 ......Schlatt (TG)",1547,1547,1547
"4561 ......Felben-Wellhausen",734,734,734
"4566 ......Frauenfeld",2736,2736,2736
"4571 ......Gachnang",981,981,981
"4590 ......Hüttlingen",1159,1159,1159
"4591 ......Matzingen",771,771,771
"4601 ......Neunforn",1136,1136,1136
"4606 ......Stettfurt",631,631,631
"4611 ......Thundorf",1564,1564,1564
"4616 ......Uesslingen-Buch",1400,1400,1400
"4621 ......Warth-Weiningen",824,824,824
"4801 ......Berlingen",355,355,355
"4806 ......Eschenz",1201,1201,1201
"4811 ......Herdern",1367,1367,1367
"4816 ......Homburg",2411,2411,2411
"4821 ......Hüttwilen",1768,1768,1768
"4826 ......Mammern",543,543,543
"4831 ......Müllheim",876,876,876
"4841 ......Pfyn",1314,1314,1314
"4864 ......Steckborn",877,877,877
"4871 ......Wagenhausen",1182,1182,1182
"4641 ......Altnau",670,670,670
"4643 ......Bottighofen",240,240,240
"4646 ......Ermatingen",1042,1042,1042
"4651 ......Gottlieben",36,36,36
"4656 ......Güttingen",950,950,950
"4666 ......Kemmental",2505,2505,2505
"4671 ......Kreuzlingen",1148,1148,1148
"4681 ......Langrickenbach",1087,1087,1087
"4683 ......Lengwil",884,884,884
"4691 ......Münsterlingen",540,540,540
"4696 ......Tägerwilen",1154,1154,1154
"4701 ......Wäldi",1222,1222,1222
"4846 ......Raperswilen",767,767,767
"4851 ......Salenstein",650,650,650
"4551 ......Aadorf",1990,1990,1990
"4716 ......Bettwiesen",385,385,385
"4721 ......Bichelsee-Balterswil",1215,1215,1215
"4723 ......Braunau",919,919,919
"4724 ......Eschlikon",615,615,615
"4726 ......Fischingen",3070,3070,3070
"4741 ......Lommis",863,863,863
"4746 ......Münchwilen (TG)",779,779,779
"4751 ......Rickenbach (TG)",156,156,156
"4761 ......Sirnach",1244,1244,1244
"4776 ......Tobel-Tägerschen",709,709,709
"4781 ......Wängi",1645,1645,1645
"4786 ......Wilen (TG)",227,227,227
"4471 ......Bischofszell",1168,1168,1168
"4476 ......Erlen",1223,1223,1223
"4486 ......Hauptwil-Gottshaus",1249,1249,1249
"4495 ......Hohentannen",799,799,799
"4501 ......Kradolf-Schönenberg",1094,1094,1094
"4506 ......Sulgen",910,910,910
"4511 ......Zihlschlacht-Sitterdorf",1219,1219,1219
"4711 ......Affeltrangen",1436,1436,1436
"4756 ......Schönholzerswilen",1093,1093,1093
"4791 ......Wuppenau",1213,1213,1213
"4881 ......Amlikon-Bissegg",1445,1445,1445
"4891 ......Berg (TG)",1313,1313,1313
"4901 ......Birwinken",1230,1230,1230
"4911 ......Bürglen (TG)",1167,1167,1167
"4921 ......Bussnang",1898,1898,1898
"4941 ......Märstetten",994,994,994
"4946 ......Weinfelden",1554,1554,1554
"4951 ......Wigoltingen",1720,1720,1720
"5001 ......Arbedo-Castione",2130,2130,2130
"5002 ......Bellinzona",1909,1909,1909
"5003 ......Cadenazzo",844,844,844
"5004 ......Camorino",827,827,827
"5005 ......Giubiasco",623,623,623
"5006 ......Gnosca",745,745,745
"5007 ......Gorduno",922,922,922
"5008 ......Gudo",989,989,989
"5009 ......Isone",1289,1289,1289
"5010 ......Lumino",1003,1003,1003
"5012 ......Moleno",741,741,741
"5013 ......Monte Carasso",965,965,965
"5014 ......Pianezzo",803,803,803
"5015 ......Preonzo",1645,1645,1645
"5017 ......Sant'Antonino",655,655,655
"5018 ......Sant'Antonio",3356,3356,3356
"5019 ......Sementina",835,835,835
"5391 ......C'za Cadenazzo/Monteceneri",287,287,287
"5048 ......Acquarossa",6163,6163,6163
"5049 ......Blenio",20221,20221,20221
"5050 ......Serravalle",9690,9690,9690
"5061 ......Airolo",9450,9450,9450
"5063 ......Bedretto",7519,7519,7519
"5064 ......Bodio",635,635,635
"5071 ......Dalpe",1450,1450,1450
"5072 ......Faido",12614,12614,12614
"5073 ......Giornico",1948,1948,1948
"5076 ......Personico",3905,3905,3905
"5077 ......Pollegio",592,592,592
"5078 ......Prato (Leventina)",1685,1685,1685
"5079 ......Quinto",7521,7521,7521
"5081 ......Sobrio",639,639,639
"5091 ......Ascona",498,498,498
"5095 ......Brione (Verzasca)",4850,4850,4850
"5096 ......Brione sopra Minusio",380,380,380
"5097 ......Brissago",1779,1779,1779
"5099 ......Cavigliano",546,546,546
"5102 ......Corippo",772,772,772
"5105 ......Frasco",2575,2575,2575
"5108 ......Gordola",701,701,701
"5109 ......Gresso",1111,1111,1111
"5112 ......Lavertezzo",5810,5810,5810
"5113 ......Locarno",1937,1937,1937
"5115 ......Losone",950,950,950
"5117 ......Mergoscia",1215,1215,1215
"5118 ......Minusio",587,587,587
"5119 ......Mosogno",862,862,862
"5120 ......Muralto",62,62,62
"5121 ......Orselina",196,196,196
"5125 ......Ronco sopra Ascona",500,500,500
"5129 ......Sonogno",3757,3757,3757
"5130 ......Tegna",288,288,288
"5131 ......Tenero-Contra",369,369,369
"5132 ......Vergeletto",4068,4068,4068
"5133 ......Verscio",305,305,305
"5135 ......Vogorno",2390,2390,2390
"5136 ......Onsernone",2988,2988,2988
"5137 ......Isorno",1706,1706,1706
"5138 ......Cugnasco-Gerra",3577,3577,3577
"5397 ......Centovalli",5142,5142,5142
"5398 ......Gambarogno",5174,5174,5174
"5141 ......Agno",249,249,249
"5143 ......Aranno",272,272,272
"5144 ......Arogno",855,855,855
"5146 ......Astano",383,383,383
"5148 ......Bedano",192,192,192
"5149 ......Bedigliora",247,247,247
"5151 ......Bioggio",649,649,649
"5154 ......Bissone",183,183,183
"5155 ......Bogno",422,422,422
"5160 ......Brusino Arsizio",408,408,408
"5161 ......Cademario",391,391,391
"5162 ......Cadempino",76,76,76
"5163 ......Cadro",445,445,445
"5167 ......Canobbio",130,130,130
"5170 ......Carona",477,477,477
"5171 ......Caslano",281,281,281
"5173 ......Certara",273,273,273
"5174 ......Cimadera",524,524,524
"5176 ......Comano",203,203,203
"5178 ......Croglio",437,437,437
"5180 ......Cureglia",108,108,108
"5181 ......Curio",285,285,285
"5186 ......Grancia",63,63,63
"5187 ......Gravesano",64,64,64
"5189 ......Lamone",184,184,184
"5192 ......Lugano",3212,3212,3212
"5193 ......Magliaso",110,110,110
"5194 ......Manno",240,240,240
"5195 ......Maroggia",97,97,97
"5196 ......Massagno",74,74,74
"5197 ......Melano",471,471,471
"5198 ......Melide",164,164,164
"5199 ......Mezzovico-Vira",1024,1024,1024
"5200 ......Miglieglia",511,511,511
"5202 ......Monteggio",336,336,336
"5203 ......Morcote",281,281,281
"5205 ......Muzzano",156,156,156
"5206 ......Neggio",88,88,88
"5207 ......Novaggio",435,435,435
"5208 ......Origlio",211,211,211
"5210 ......Paradiso",87,87,87
"5212 ......Ponte Capriasca",623,623,623
"5213 ......Ponte Tresa",41,41,41
"5214 ......Porza",159,159,159
"5216 ......Pura",309,309,309
"5219 ......Rovio",553,553,553
"5221 ......Savosa",74,74,74
"5222 ......Sessa",284,284,284
"5224 ......Sonvico",1109,1109,1109
"5225 ......Sorengo",87,87,87
"5226 ......Capriasca",3626,3626,3626
"5227 ......Torricella-Taverne",523,523,523
"5229 ......Valcolla",1131,1131,1131
"5230 ......Vernate",151,151,151
"5231 ......Vezia",138,138,138
"5233 ......Vico Morcote",188,188,188
"5236 ......Collina d'Oro",612,612,612
"5237 ......Alto Malcantone",2193,2193,2193
"5238 ......Monteceneri",3695,3695,3695
"5394 ......C'za Capriasca/Valcolla",7,7,7
"5242 ......Balerna",259,259,259
"5243 ......Besazio",87,87,87
"5249 ......Castel San Pietro",1180,1180,1180
"5250 ......Chiasso",530,530,530
"5251 ......Coldrerio",248,248,248
"5253 ......Ligornetto",203,203,203
"5254 ......Mendrisio",2157,2157,2157
"5255 ......Meride",747,747,747
"5257 ......Morbio Inferiore",231,231,231
"5260 ......Novazzano",517,517,517
"5263 ......Riva San Vitale",593,593,593
"5266 ......Stabio",617,617,617
"5268 ......Vacallo",162,162,162
"5269 ......Breggia",2555,2555,2555
"5281 ......Biasca",5912,5912,5912
"5282 ......Claro",2120,2120,2120
"5283 ......Cresciano",1723,1723,1723
"5284 ......Iragna",1834,1834,1834
"5285 ......Lodrino",3163,3163,3163
"5286 ......Osogna",1897,1897,1897
"5304 ......Bosco/Gurin",2208,2208,2208
"5307 ......Campo (Vallemaggia)",4334,4334,4334
"5309 ......Cerentino",2011,2011,2011
"5310 ......Cevio",15132,15132,15132
"5315 ......Linescio",659,659,659
"5317 ......Maggia",11111,11111,11111
"5323 ......Lavizzara",18751,18751,18751
"5324 ......Avegno Gordevio",2734,2734,2734
"5401 ......Aigle",1647,1647,1647
"5402 ......Bex",9660,9660,9660
"5403 ......Chessel",355,355,355
"5404 ......Corbeyrier",2200,2200,2200
"5405 ......Gryon",1524,1524,1524
"5406 ......Lavey-Morcles",1414,1414,1414
"5407 ......Leysin",1853,1853,1853
"5408 ......Noville",1033,1033,1033
"5409 ......Ollon",5950,5950,5950
"5410 ......Ormont-Dessous",6402,6402,6402
"5411 ......Ormont-Dessus",6167,6167,6167
"5412 ......Rennaz",221,221,221
"5413 ......Roche (VD)",641,641,641
"5414 ......Villeneuve (VD)",3213,3213,3213
"5415 ......Yvorne",1221,1221,1221
"5451 ......Avenches",1943,1943,1943
"5456 ......Cudrefin",1586,1586,1586
"5458 ......Faoug",347,347,347
"5464 ......Vully-les-Lacs",2114,2114,2114
"5662 ......Brenles",381,381,381
"5663 ......Bussy-sur-Moudon",309,309,309
"5665 ......Chavannes-sur-Moudon",515,515,515
"5666 ......Chesalles-sur-Moudon",166,166,166
"5668 ......Cremin",165,165,165
"5669 ......Curtilles",498,498,498
"5671 ......Dompierre (VD)",322,322,322
"5672 ......Forel-sur-Lucens",285,285,285
"5673 ......Hermenches",477,477,477
"5674 ......Lovatens",346,346,346
"5675 ......Lucens",783,783,783
"5678 ......Moudon",1571,1571,1571
"5683 ......Prévonloup",182,182,182
"5684 ......Rossenges",107,107,107
"5686 ......Sarzens",145,145,145
"5688 ......Syens",251,251,251
"5690 ......Villars-le-Comte",419,419,419
"5692 ......Vucherens",327,327,327
"5782 ......Carrouge (VD)",541,541,541
"5785 ......Corcelles-le-Jorat",795,795,795
"5798 ......Ropraz",479,479,479
"5803 ......Vulliens",670,670,670
"5812 ......Champtauroz",303,303,303
"5813 ......Chevroux",435,435,435
"5816 ......Corcelles-près-Payerne",1214,1214,1214
"5817 ......Grandcour",1023,1023,1023
"5819 ......Henniez",260,260,260
"5821 ......Missy",305,305,305
"5822 ......Payerne",2423,2423,2423
"5827 ......Trey",379,379,379
"5828 ......Treytorrens (Payerne)",310,310,310
"5830 ......Villarzel",768,768,768
"5831 ......Valbroye",3350,3350,3350
"5471 ......Bettens",375,375,375
"5472 ......Bournens",388,388,388
"5473 ......Boussens",318,318,318
"5480 ......Daillens",549,549,549
"5487 ......Lussery-Villars",373,373,373
"5489 ......Mex (VD)",288,288,288
"5495 ......Penthalaz",385,385,385
"5496 ......Penthaz",386,386,386
"5501 ......Sullens",394,394,394
"5503 ......Vufflens-la-Ville",538,538,538
"5511 ......Assens",531,531,531
"5512 ......Bercher",424,424,424
"5513 ......Bioley-Orjulaz",310,310,310
"5514 ......Bottens",694,694,694
"5515 ......Bretigny-sur-Morrens",285,285,285
"5516 ......Cugy (VD)",290,290,290
"5518 ......Echallens",667,667,667
"5520 ......Essertines-sur-Yverdon",972,972,972
"5521 ......Etagnières",377,377,377
"5522 ......Fey",740,740,740
"5523 ......Froideville",707,707,707
"5527 ......Morrens (VD)",370,370,370
"5529 ......Oulens-sous-Echallens",587,587,587
"5530 ......Pailly",575,575,575
"5531 ......Penthéréaz",569,569,569
"5533 ......Poliez-Pittet",501,501,501
"5534 ......Rueyres",198,198,198
"5535 ......Saint-Barthélemy (VD)",414,414,414
"5537 ......Villars-le-Terroir",712,712,712
"5539 ......Vuarrens",898,898,898
"5540 ......Montilliez",1181,1181,1181
"5541 ......Goumoëns",1069,1069,1069
"5661 ......Boulens",342,342,342
"5680 ......Ogens",339,339,339
"5693 ......Montanaire",3352,3352,3352
"5804 ......Jorat-Menthue",1765,1765,1765
"5923 ......Oppens",363,363,363
"5551 ......Bonvillars",748,748,748
"5552 ......Bullet",1686,1686,1686
"5553 ......Champagne",393,393,393
"5554 ......Concise",1137,1137,1137
"5555 ......Corcelles-près-Concise",409,409,409
"5556 ......Fiez",683,683,683
"5557 ......Fontaines-sur-Grandson",792,792,792
"5559 ......Giez",476,476,476
"5560 ......Grandevent",345,345,345
"5561 ......Grandson",790,790,790
"5562 ......Mauborget",553,553,553
"5563 ......Mutrux",322,322,322
"5564 ......Novalles",206,206,206
"5565 ......Onnens (VD)",513,513,513
"5566 ......Provence",3186,3186,3186
"5568 ......Sainte-Croix",3931,3931,3931
"5571 ......Tévenon",1424,1424,1424
"5741 ......L'Abergement",582,582,582
"5742 ......Agiez",547,547,547
"5743 ......Arnex-sur-Orbe",763,763,763
"5744 ......Ballaigues",905,905,905
"5745 ......Baulmes",2255,2255,2255
"5746 ......Bavois",930,930,930
"5747 ......Bofflens",421,421,421
"5748 ......Bretonnières",548,548,548
"5749 ......Chavornay",1107,1107,1107
"5750 ......Les Clées",707,707,707
"5751 ......Corcelles-sur-Chavornay",546,546,546
"5752 ......Croy",448,448,448
"5754 ......Juriens",933,933,933
"5755 ......Lignerolle",1064,1064,1064
"5756 ......Montcherand",302,302,302
"5757 ......Orbe",1200,1200,1200
"5758 ......La Praz",512,512,512
"5759 ......Premier",604,604,604
"5760 ......Rances",984,984,984
"5761 ......Romainmôtier-Envy",697,697,697
"5762 ......Sergey",147,147,147
"5763 ......Valeyres-sous-Rances",639,639,639
"5764 ......Vallorbe",2319,2319,2319
"5765 ......Vaulion",1322,1322,1322
"5766 ......Vuiteboeuf",510,510,510
"5871 ......L'Abbaye",3191,3191,3191
"5872 ......Le Chenit",9924,9924,9924
"5873 ......Le Lieu",3252,3252,3252
"5902 ......Belmont-sur-Yverdon",651,651,651
"5903 ......Bioley-Magnoux",429,429,429
"5904 ......Chamblon",287,287,287
"5905 ......Champvent",901,901,901
"5907 ......Chavannes-le-Chêne",400,400,400
"5908 ......Chêne-Pâquier",208,208,208
"5909 ......Cheseaux-Noréaz",607,607,607
"5910 ......Cronay",659,659,659
"5911 ......Cuarny",460,460,460
"5912 ......Démoret",428,428,428
"5913 ......Donneloye",895,895,895
"5914 ......Ependes (VD)",483,483,483
"5915 ......Essert-Pittet",276,276,276
"5919 ......Mathod",661,661,661
"5921 ......Molondin",551,551,551
"5922 ......Montagny-près-Yverdon",350,350,350
"5924 ......Orges",402,402,402
"5925 ......Orzens",420,420,420
"5926 ......Pomy",559,559,559
"5928 ......Rovray",319,319,319
"5929 ......Suchy",668,668,668
"5930 ......Suscévaz",414,414,414
"5931 ......Treycovagnes",205,205,205
"5932 ......Ursins",340,340,340
"5933 ......Valeyres-sous-Montagny",229,229,229
"5934 ......Valeyres-sous-Ursins",284,284,284
"5935 ......Villars-Epeney",87,87,87
"5937 ......Vugelles-La Mothe",310,310,310
"5938 ......Yverdon-les-Bains",1355,1355,1355
"5939 ......Yvonand",1336,1336,1336
"5582 ......Cheseaux-sur-Lausanne",457,457,457
"5584 ......Epalinges",462,462,462
"5585 ......Jouxtens-Mézery",192,192,192
"5586 ......Lausanne",4133,4133,4133
"5587 ......Le Mont-sur-Lausanne",975,975,975
"5592 ......Romanel-sur-Lausanne",292,292,292
"5581 ......Belmont-sur-Lausanne",260,260,260
"5588 ......Paudex",50,50,50
"5590 ......Pully",591,591,591
"5601 ......Chexbres",216,216,216
"5604 ......Forel (Lavaux)",1849,1849,1849
"5606 ......Lutry",845,845,845
"5607 ......Puidoux",2288,2288,2288
"5609 ......Rivaz",30,30,30
"5610 ......Saint-Saphorin (Lavaux)",87,87,87
"5611 ......Savigny",1606,1606,1606
"5613 ......Bourg-en-Lavaux",965,965,965
"5788 ......Essertes",166,166,166
"5789 ......Ferlens (VD)",216,216,216
"5790 ......Maracon",441,441,441
"5791 ......Mézières (VD)",350,350,350
"5792 ......Montpreveyres",411,411,411
"5799 ......Servion",629,629,629
"5805 ......Oron",2460,2460,2460
"5421 ......Apples",1297,1297,1297
"5422 ......Aubonne",941,941,941
"5423 ......Ballens",848,848,848
"5424 ......Berolle",959,959,959
"5425 ......Bière",2497,2497,2497
"5426 ......Bougy-Villars",178,178,178
"5427 ......Féchy",271,271,271
"5428 ......Gimel",1894,1894,1894
"5431 ......Mollens (VD)",1105,1105,1105
"5432 ......Montherod",495,495,495
"5435 ......Saint-Livres",810,810,810
"5436 ......Saint-Oyens",304,304,304
"5437 ......Saubraz",370,370,370
"5474 ......La Chaux (Cossonay)",679,679,679
"5475 ......Chavannes-le-Veyron",266,266,266
"5476 ......Chevilly",378,378,378
"5477 ......Cossonay",824,824,824
"5478 ......Cottens (VD)",240,240,240
"5479 ......Cuarnens",709,709,709
"5481 ......Dizy",310,310,310
"5482 ......Eclépens",582,582,582
"5483 ......Ferreyres",319,319,319
"5484 ......Gollion",546,546,546
"5485 ......Grancy",566,566,566
"5486 ......L'Isle",1626,1626,1626
"5488 ......Mauraz",47,47,47
"5490 ......Moiry",667,667,667
"5491 ......Mont-la-Ville",1976,1976,1976
"5492 ......Montricher",2595,2595,2595
"5493 ......Orny",551,551,551
"5494 ......Pampigny",1109,1109,1109
"5497 ......Pompaples",444,444,444
"5498 ......La Sarraz",774,774,774
"5499 ......Senarclens",393,393,393
"5500 ......Sévery",240,240,240
"5621 ......Aclens",390,390,390
"5622 ......Bremblens",295,295,295
"5623 ......Buchillon",215,215,215
"5625 ......Bussy-Chardonney",305,305,305
"5628 ......Chigny",87,87,87
"5629 ......Clarmont",101,101,101
"5631 ......Denens",329,329,329
"5632 ......Denges",168,168,168
"5633 ......Echandens",389,389,389
"5634 ......Echichens",1328,1328,1328
"5636 ......Etoy",494,494,494
"5637 ......Lavigny",397,397,397
"5638 ......Lonay",369,369,369
"5639 ......Lully (VD)",202,202,202
"5640 ......Lussy-sur-Morges",236,236,236
"5642 ......Morges",386,386,386
"5643 ......Préverenges",184,184,184
"5644 ......Reverolle",114,114,114
"5645 ......Romanel-sur-Morges",169,169,169
"5646 ......Saint-Prex",550,550,550
"5649 ......Tolochenaz",159,159,159
"5650 ......Vaux-sur-Morges",207,207,207
"5652 ......Villars-sous-Yens",303,303,303
"5653 ......Vufflens-le-Château",217,217,217
"5654 ......Vullierens",685,685,685
"5655 ......Yens",956,956,956
"5851 ......Allaman",255,255,255
"5429 ......Longirod",946,946,946
"5430 ......Marchissy",1194,1194,1194
"5434 ......Saint-George",1233,1233,1233
"5701 ......Arnex-sur-Nyon",210,210,210
"5702 ......Arzier",5185,5185,5185
"5703 ......Bassins",2087,2087,2087
"5704 ......Begnins",479,479,479
"5705 ......Bogis-Bossey",245,245,245
"5706 ......Borex",195,195,195
"5707 ......Chavannes-de-Bogis",287,287,287
"5708 ......Chavannes-des-Bois",217,217,217
"5709 ......Chéserex",1056,1056,1056
"5710 ......Coinsins",294,294,294
"5711 ......Commugny",649,649,649
"5712 ......Coppet",187,187,187
"5713 ......Crans-près-Céligny",427,427,427
"5714 ......Crassier",204,204,204
"5715 ......Duillier",407,407,407
"5716 ......Eysins",234,234,234
"5717 ......Founex",477,477,477
"5718 ......Genolier",487,487,487
"5719 ......Gingins",1258,1258,1258
"5720 ......Givrins",395,395,395
"5721 ......Gland",837,837,837
"5722 ......Grens",257,257,257
"5723 ......Mies",349,349,349
"5724 ......Nyon",686,686,686
"5725 ......Prangins",603,603,603
"5726 ......La Rippe",1660,1660,1660
"5727 ......Saint-Cergue",2427,2427,2427
"5728 ......Signy-Avenex",192,192,192
"5729 ......Tannay",181,181,181
"5730 ......Trélex",585,585,585
"5731 ......Le Vaud",312,312,312
"5732 ......Vich",156,156,156
"5852 ......Bursinel",180,180,180
"5853 ......Bursins",341,341,341
"5854 ......Burtigny",566,566,566
"5855 ......Dully",161,161,161
"5856 ......Essertines-sur-Rolle",700,700,700
"5857 ......Gilly",773,773,773
"5858 ......Luins",267,267,267
"5859 ......Mont-sur-Rolle",387,387,387
"5860 ......Perroy",286,286,286
"5861 ......Rolle",272,272,272
"5862 ......Tartegnin",108,108,108
"5863 ......Vinzel",108,108,108
"5583 ......Crissier",552,552,552
"5589 ......Prilly",218,218,218
"5591 ......Renens (VD)",295,295,295
"5624 ......Bussigny-près-Lausanne",478,478,478
"5627 ......Chavannes-près-Renens",166,166,166
"5635 ......Ecublens (VD)",569,569,569
"5648 ......Saint-Sulpice (VD)",182,182,182
"5651 ......Villars-Sainte-Croix",166,166,166
"5841 ......Château-d'Oex",11361,11361,11361
"5842 ......Rossinière",2336,2336,2336
"5843 ......Rougemont",4855,4855,4855
"5881 ......Blonay",1604,1604,1604
"5882 ......Chardonne",1029,1029,1029
"5883 ......Corseaux",106,106,106
"5884 ......Corsier-sur-Vevey",674,674,674
"5885 ......Jongny",216,216,216
"5886 ......Montreux",3344,3344,3344
"5888 ......Saint-Légier-La Chiésaz",1524,1524,1524
"5889 ......La Tour-de-Peilz",326,326,326
"5890 ......Vevey",235,235,235
"5891 ......Veytaux",672,672,672
"6002 ......Brig-Glis",3800,3800,3800
"6004 ......Eggerberg",599,599,599
"6007 ......Naters",14718,14718,14718
"6008 ......Ried-Brig",4752,4752,4752
"6009 ......Simplon",9091,9091,9091
"6010 ......Termen",1878,1878,1878
"6011 ......Zwischbergen",8614,8614,8614
"6021 ......Ardon",2037,2037,2037
"6022 ......Chamoson",3240,3240,3240
"6023 ......Conthey",8509,8509,8509
"6024 ......Nendaz",8593,8593,8593
"6025 ......Vétroz",1039,1039,1039
"6031 ......Bagnes",28221,28221,28221
"6032 ......Bourg-Saint-Pierre",9015,9015,9015
"6033 ......Liddes",6015,6015,6015
"6034 ......Orsières",16504,16504,16504
"6035 ......Sembrancher",1766,1766,1766
"6036 ......Vollèges",1793,1793,1793
"6052 ......Bellwald",1372,1372,1372
"6054 ......Binn",6504,6504,6504
"6055 ......Blitzingen",1181,1181,1181
"6056 ......Ernen",3537,3537,3537
"6057 ......Fiesch",1127,1127,1127
"6058 ......Fieschertal",17296,17296,17296
"6061 ......Lax",499,499,499
"6064 ......Niederwald",468,468,468
"6073 ......Grafschaft",2260,2260,2260
"6074 ......Münster-Geschinen",4861,4861,4861
"6075 ......Reckingen-Gluringen",4126,4126,4126
"6076 ......Obergoms",15584,15584,15584
"6391 ......Kommunanz Reckingen-Gluringen/Grafschaft",65,65,65
"6081 ......Les Agettes",507,507,507
"6082 ......Ayent",5504,5504,5504
"6083 ......Evolène",20999,20999,20999
"6084 ......Hérémence",10757,10757,10757
"6087 ......Saint-Martin (VS)",3696,3696,3696
"6089 ......Vex",1299,1299,1299
"6090 ......Mont-Noble",4297,4297,4297
"6101 ......Agarn",765,765,765
"6102 ......Albinen",1553,1553,1553
"6104 ......Ergisch",3007,3007,3007
"6109 ......Inden",989,989,989
"6110 ......Leuk",5529,5529,5529
"6111 ......Leukerbad",6721,6721,6721
"6112 ......Oberems",5024,5024,5024
"6113 ......Salgesch",1136,1136,1136
"6116 ......Varen",1276,1276,1276
"6117 ......Guttet-Feschel",1050,1050,1050
"6118 ......Gampel-Bratsch",2311,2311,2311
"6119 ......Turtmann-Unterems",4231,4231,4231
"6131 ......Bovernier",1291,1291,1291
"6132 ......Charrat",760,760,760
"6133 ......Fully",3784,3784,3784
"6134 ......Isérables",1528,1528,1528
"6135 ......Leytron",2692,2692,2692
"6136 ......Martigny",2490,2490,2490
"6137 ......Martigny-Combe",3769,3769,3769
"6139 ......Riddes",2391,2391,2391
"6140 ......Saillon",1368,1368,1368
"6141 ......Saxon",2323,2323,2323
"6142 ......Trient",3954,3954,3954
"6151 ......Champéry",3895,3895,3895
"6152 ......Collombey-Muraz",2981,2981,2981
"6153 ......Monthey",2858,2858,2858
"6154 ......Port-Valais",1432,1432,1432
"6155 ......Saint-Gingolph",1437,1437,1437
"6156 ......Troistorrents",3695,3695,3695
"6157 ......Val-d'Illiez",3925,3925,3925
"6158 ......Vionnaz",2095,2095,2095
"6159 ......Vouvry",3348,3348,3348
"6171 ......Betten",2635,2635,2635
"6172 ......Bister",583,583,583
"6173 ......Bitsch",407,407,407
"6177 ......Grengiols",5850,5850,5850
"6178 ......Martisberg",301,301,301
"6181 ......Riederalp",2100,2100,2100
"6191 ......Ausserberg",1489,1489,1489
"6192 ......Blatten",9066,9066,9066
"6193 ......Bürchen",1340,1340,1340
"6194 ......Eischoll",1375,1375,1375
"6195 ......Ferden",2790,2790,2790
"6197 ......Kippel",1167,1167,1167
"6198 ......Niedergesteln",1746,1746,1746
"6199 ......Raron",3026,3026,3026
"6201 ......Unterbäch",2201,2201,2201
"6202 ......Wiler (Lötschen)",1469,1469,1469
"6203 ......Mörel-Filet",842,842,842
"6204 ......Steg-Hohtenn",1421,1421,1421
"6211 ......Collonges",1224,1224,1224
"6212 ......Dorénaz",1254,1254,1254
"6213 ......Evionnaz",4800,4800,4800
"6214 ......Finhaut",2279,2279,2279
"6215 ......Massongex",659,659,659
"6217 ......Saint-Maurice",1495,1495,1495
"6218 ......Salvan",5345,5345,5345
"6219 ......Vernayaz",565,565,565
"6220 ......Vérossaz",1432,1432,1432
"6232 ......Chalais",2445,2445,2445
"6234 ......Chermignon",536,536,536
"6235 ......Chippis",200,200,200
"6238 ......Grône",2110,2110,2110
"6239 ......Icogne",2498,2498,2498
"6240 ......Lens",1385,1385,1385
"6241 ......Miège",254,254,254
"6242 ......Mollens (VS)",3251,3251,3251
"6243 ......Montana",492,492,492
"6244 ......Randogne",1683,1683,1683
"6246 ......Saint-Léonard",386,386,386
"6248 ......Sierre",1922,1922,1922
"6249 ......Venthône",254,254,254
"6250 ......Veyras",145,145,145
"6252 ......Anniviers",24307,24307,24307
"6261 ......Arbaz",1928,1928,1928
"6263 ......Grimisuat",445,445,445
"6265 ......Savièse",7101,7101,7101
"6266 ......Sion",2969,2969,2969
"6267 ......Veysonnaz",111,111,111
"6281 ......Baltschieder",3139,3139,3139
"6282 ......Eisten",3797,3797,3797
"6283 ......Embd",1337,1337,1337
"6285 ......Grächen",1429,1429,1429
"6286 ......Lalden",126,126,126
"6287 ......Randa",5443,5443,5443
"6288 ......Saas-Almagell",11028,11028,11028
"6289 ......Saas-Balen",3021,3021,3021
"6290 ......Saas-Fee",4057,4057,4057
"6291 ......Saas-Grund",2458,2458,2458
"6292 ......St. Niklaus",8928,8928,8928
"6293 ......Stalden (VS)",1048,1048,1048
"6294 ......Staldenried",1430,1430,1430
"6295 ......Täsch",5871,5871,5871
"6296 ......Törbel",1763,1763,1763
"6297 ......Visp",1321,1321,1321
"6298 ......Visperterminen",5157,5157,5157
"6299 ......Zeneggen",751,751,751
"6300 ......Zermatt",24267,24267,24267
"6402 ......Bevaix",1081,1081,1081
"6404 ......Boudry",1674,1674,1674
"6405 ......Brot-Dessous",496,496,496
"6407 ......Corcelles-Cormondrèche",486,486,486
"6408 ......Cortaillod",366,366,366
"6409 ......Fresens",159,159,159
"6410 ......Gorgier",1398,1398,1398
"6411 ......Montalchez",641,641,641
"6412 ......Peseux",345,345,345
"6413 ......Rochefort",2088,2088,2088
"6414 ......Saint-Aubin-Sauges",769,769,769
"6415 ......Vaumarcus",178,178,178
"6416 ......Milvignes",881,881,881
"6421 ......La Chaux-de-Fonds",5567,5567,5567
"6422 ......Les Planchettes",1172,1172,1172
"6423 ......La Sagne",2560,2560,2560
"6431 ......Les Brenets",1156,1156,1156
"6432 ......La Brévine",4196,4196,4196
"6433 ......Brot-Plamboz",1606,1606,1606
"6434 ......Le Cerneux-Péquignot",1565,1565,1565
"6435 ......La Chaux-du-Milieu",1730,1730,1730
"6436 ......Le Locle",2306,2306,2306
"6437 ......Les Ponts-de-Martel",1825,1825,1825
"6451 ......Cornaux",472,472,472
"6452 ......Cressier (NE)",860,860,860
"6453 ......Enges",954,954,954
"6454 ......Hauterive (NE)",216,216,216
"6455 ......Le Landeron",1026,1026,1026
"6456 ......Lignières",1252,1252,1252
"6458 ......Neuchâtel",1805,1805,1805
"6459 ......Saint-Blaise",888,888,888
"6461 ......La Tène",544,544,544
"6485 ......Valangin",370,370,370
"6487 ......Val-de-Ruz",12436,12436,12436
"6504 ......La Côte-aux-Fées",1286,1286,1286
"6511 ......Les Verrières",2878,2878,2878
"6512 ......Val-de-Travers",12468,12468,12468
"6601 ......Aire-la-Ville",288,288,288
"6602 ......Anières",383,383,383
"6603 ......Avully",464,464,464
"6604 ......Avusy",519,519,519
"6605 ......Bardonnex",503,503,503
"6606 ......Bellevue",439,439,439
"6607 ......Bernex",1297,1297,1297
"6608 ......Carouge (GE)",265,265,265
"6609 ......Cartigny",441,441,441
"6610 ......Céligny",470,470,470
"6611 ......Chancy",537,537,537
"6612 ......Chêne-Bougeries",414,414,414
"6613 ......Chêne-Bourg",127,127,127
"6614 ......Choulex",390,390,390
"6615 ......Collex-Bossy",686,686,686
"6616 ......Collonge-Bellerive",613,613,613
"6617 ......Cologny",369,369,369
"6618 ......Confignon",275,275,275
"6619 ......Corsier (GE)",278,278,278
"6620 ......Dardagny",859,859,859
"6621 ......Genève",1588,1588,1588
"6622 ......Genthod",281,281,281
"6623 ......Le Grand-Saconnex",437,437,437
"6624 ......Gy",321,321,321
"6625 ......Hermance",146,146,146
"6626 ......Jussy",1135,1135,1135
"6627 ......Laconnex",383,383,383
"6628 ......Lancy",484,484,484
"6629 ......Meinier",697,697,697
"6630 ......Meyrin",993,993,993
"6631 ......Onex",283,283,283
"6632 ......Perly-Certoux",255,255,255
"6633 ......Plan-les-Ouates",581,581,581
"6634 ......Pregny-Chambésy",325,325,325
"6635 ......Presinge",472,472,472
"6636 ......Puplinge",264,264,264
"6637 ......Russin",495,495,495
"6638 ......Satigny",1891,1891,1891
"6639 ......Soral",293,293,293
"6640 ......Thônex",383,383,383
"6641 ......Troinex",344,344,344
"6642 ......Vandoeuvres",441,441,441
"6643 ......Vernier",766,766,766
"6644 ......Versoix",1055,1055,1055
"6645 ......Veyrier",653,653,653
"6702 ......Boécourt",1231,1231,1231
"6703 ......Bourrignon",1355,1355,1355
"6704 ......Châtillon (JU)",525,525,525
"6705 ......Corban",789,789,789
"6706 ......Courchapoix",644,644,644
"6708 ......Courrendlin",1103,1103,1103
"6709 ......Courroux",1974,1974,1974
"6710 ......Courtételle",1358,1358,1358
"6711 ......Delémont",2199,2199,2199
"6712 ......Develier",1246,1246,1246
"6713 ......Ederswiler",334,334,334
"6715 ......Mervelier",975,975,975
"6716 ......Mettembert",236,236,236
"6718 ......Movelier",804,804,804
"6719 ......Pleigne",1784,1784,1784
"6720 ......Rebeuvelier",843,843,843
"6721 ......Rossemaison",194,194,194
"6722 ......Saulcy",791,791,791
"6724 ......Soyhières",752,752,752
"6728 ......Vellerat",204,204,204
"6729 ......Haute-Sorne",7105,7105,7105
"6730 ......Val Terbi",3885,3885,3885
"6741 ......Le Bémont (JU)",1162,1162,1162
"6742 ......Les Bois",2474,2474,2474
"6743 ......Les Breuleux",1082,1082,1082
"6744 ......La Chaux-des-Breuleux",407,407,407
"6745 ......Les Enfers",709,709,709
"6748 ......Les Genevez (JU)",1360,1360,1360
"6750 ......Lajoux (JU)",1237,1237,1237
"6751 ......Montfaucon",1828,1828,1828
"6753 ......Muriaux",1689,1689,1689
"6754 ......Le Noirmont",2043,2043,2043
"6757 ......Saignelégier",3175,3175,3175
"6758 ......Saint-Brais",1513,1513,1513
"6759 ......Soubey",1349,1349,1349
"6771 ......Alle",1063,1063,1063
"6773 ......Beurnevésin",510,510,510
"6774 ......Boncourt",902,902,902
"6775 ......Bonfol",1357,1357,1357
"6778 ......Bure",1370,1370,1370
"6781 ......Coeuve",1158,1158,1158
"6782 ......Cornol",1047,1047,1047
"6783 ......Courchavon",625,625,625
"6784 ......Courgenay",1842,1842,1842
"6785 ......Courtedoux",815,815,815
"6787 ......Damphreux",566,566,566
"6789 ......Fahy",778,778,778
"6790 ......Fontenais",2001,2001,2001
"6792 ......Grandfontaine",894,894,894
"6793 ......Lugnez",511,511,511
"6800 ......Porrentruy",1478,1478,1478
"6803 ......Rocourt",449,449,449
"6806 ......Vendlincourt",918,918,918
"6807 ......Basse-Allaine",2299,2299,2299
"6808 ......Clos du Doubs",6182,6182,6182
"6809 ......Haute-Ajoie",3646,3646,3646
"6810 ......La Baroche",3111,3111,3111
